{
  "sku": "SKU_05",
  "mae": 70.527099609375,
  "mse": 11829.357421875,
  "rmse": 108.76284945639756,
  "mape": 24.66197917473565
}