{
  "sku": "SKU_05",
  "mae": 420.6683654785156,
  "mse": 192712.03125,
  "rmse": 438.9897849039314,
  "mape": 62.55608832057343
}