{
  "sku": "SKU_05",
  "mae": 254.2626190185547,
  "mse": 85039.3828125,
  "rmse": 291.6151278869119,
  "mape": 43.46367207529014
}