{
  "sku": "SKU_05",
  "mae": 318.19189453125,
  "mse": 133836.8125,
  "rmse": 365.8371393120168,
  "mape": 51.95997625634963
}