{
  "sku": "SKU_04",
  "mae": 1745.9517822265625,
  "mse": 3394287.5,
  "rmse": 1842.3592212161016,
  "mape": 84.40022242760165
}