{
  "sku": "SKU_04",
  "mae": 1713.0264892578125,
  "mse": 3308467.25,
  "rmse": 1818.9192532930097,
  "mape": 82.68716006627155
}