{
  "sku": "SKU_04",
  "mae": 1395.4693603515625,
  "mse": 2267483.0,
  "rmse": 1505.8163898696282,
  "mape": 68.13274627732909
}