{
  "sku": "SKU_04",
  "mae": 1938.3428955078125,
  "mse": 4178344.5,
  "rmse": 2044.0999241720058,
  "mape": 90.71587980249062
}