date,sku,price,promo_flag,discount_pct,is_weekend,is_holiday,sales
2023-05-14,SKU_01,24.89,0,0.0,1,0,45
2023-05-15,SKU_01,26.0,1,0.286,0,0,77
2023-05-16,SKU_01,25.19,0,0.0,0,0,34
2023-05-17,SKU_01,26.79,0,0.0,0,0,31
2023-05-18,SKU_01,28.05,0,0.0,0,0,28
2023-05-19,SKU_01,27.69,0,0.0,0,0,31
2023-05-20,SKU_01,27.95,0,0.0,1,0,41
2023-05-21,SKU_01,27.38,0,0.0,1,0,42
2023-05-22,SKU_01,25.23,0,0.0,0,0,43
2023-05-23,SKU_01,25.97,0,0.0,0,0,36
2023-05-24,SKU_01,23.1,0,0.0,0,0,32
2023-05-25,SKU_01,21.72,0,0.0,0,0,30
2023-05-26,SKU_01,20.39,0,0.0,0,0,36
2023-05-27,SKU_01,18.08,0,0.0,1,0,41
2023-05-28,SKU_01,18.16,0,0.0,1,0,55
2023-05-29,SKU_01,17.88,0,0.0,0,0,51
2023-05-30,SKU_01,18.86,0,0.0,0,0,39
2023-05-31,SKU_01,17.71,0,0.0,0,0,33
2023-06-01,SKU_01,16.0,0,0.0,0,0,37
2023-06-02,SKU_01,19.06,0,0.0,0,0,35
2023-06-03,SKU_01,18.04,0,0.0,1,0,49
2023-06-04,SKU_01,18.23,0,0.0,1,0,48
2023-06-05,SKU_01,18.17,0,0.0,0,0,45
2023-06-06,SKU_01,16.75,0,0.0,0,0,40
2023-06-07,SKU_01,17.68,0,0.0,0,0,33
2023-06-08,SKU_01,17.63,0,0.0,0,0,27
2023-06-09,SKU_01,16.15,0,0.0,0,0,35
2023-06-10,SKU_01,16.45,0,0.0,1,0,50
2023-06-11,SKU_01,16.91,0,0.0,1,0,46
2023-06-12,SKU_01,18.75,0,0.0,0,0,50
2023-06-13,SKU_01,17.39,0,0.0,0,0,41
2023-06-14,SKU_01,17.2,0,0.0,0,0,36
2023-06-15,SKU_01,14.88,0,0.0,0,0,29
2023-06-16,SKU_01,14.56,0,0.0,0,0,35
2023-06-17,SKU_01,14.24,0,0.0,1,0,48
2023-06-18,SKU_01,13.59,0,0.0,1,0,51
2023-06-19,SKU_01,13.67,0,0.0,0,0,48
2023-06-20,SKU_01,13.42,0,0.0,0,0,48
2023-06-21,SKU_01,12.77,0,0.0,0,0,34
2023-06-22,SKU_01,12.33,0,0.0,0,0,28
2023-06-23,SKU_01,11.14,0,0.0,0,0,45
2023-06-24,SKU_01,13.27,0,0.0,1,0,54
2023-06-25,SKU_01,12.41,0,0.0,1,0,54
2023-06-26,SKU_01,12.3,0,0.0,0,0,52
2023-06-27,SKU_01,11.85,0,0.0,0,0,47
2023-06-28,SKU_01,11.89,0,0.0,0,0,37
2023-06-29,SKU_01,13.53,0,0.0,0,0,29
2023-06-30,SKU_01,14.58,0,0.0,0,0,38
2023-07-01,SKU_01,15.02,0,0.0,1,0,46
2023-07-02,SKU_01,14.73,0,0.0,1,0,55
2023-07-03,SKU_01,12.25,0,0.0,0,0,49
2023-07-04,SKU_01,10.83,0,0.0,0,0,49
2023-07-05,SKU_01,10.6,0,0.0,0,0,42
2023-07-06,SKU_01,11.01,0,0.0,0,0,39
2023-07-07,SKU_01,11.32,0,0.0,0,0,36
2023-07-08,SKU_01,12.06,0,0.0,1,0,49
2023-07-09,SKU_01,12.99,0,0.0,1,0,47
2023-07-10,SKU_01,12.93,0,0.0,0,0,51
2023-07-11,SKU_01,12.34,0,0.0,0,0,41
2023-07-12,SKU_01,12.59,0,0.0,0,0,36
2023-07-13,SKU_01,12.65,0,0.0,0,0,30
2023-07-14,SKU_01,13.14,0,0.0,0,0,38
2023-07-15,SKU_01,12.65,0,0.0,1,0,48
2023-07-16,SKU_01,12.87,0,0.0,1,0,52
2023-07-17,SKU_01,13.72,0,0.0,0,0,44
2023-07-18,SKU_01,12.98,0,0.0,0,0,46
2023-07-19,SKU_01,13.71,0,0.0,0,0,33
2023-07-20,SKU_01,11.9,0,0.0,0,0,35
2023-07-21,SKU_01,10.65,0,0.0,0,0,39
2023-07-22,SKU_01,11.02,0,0.0,1,0,48
2023-07-23,SKU_01,10.68,0,0.0,1,0,51
2023-07-24,SKU_01,10.77,0,0.0,0,0,47
2023-07-25,SKU_01,10.65,0,0.0,0,0,45
2023-07-26,SKU_01,10.46,1,0.232,0,0,58
2023-07-27,SKU_01,9.99,0,0.0,0,0,36
2023-07-28,SKU_01,10.87,0,0.0,0,0,36
2023-07-29,SKU_01,11.83,0,0.0,1,0,41
2023-07-30,SKU_01,11.14,0,0.0,1,0,47
2023-07-31,SKU_01,11.43,0,0.0,0,0,42
2023-08-01,SKU_01,12.13,0,0.0,0,0,39
2023-08-02,SKU_01,12.47,0,0.0,0,0,37
2023-08-03,SKU_01,12.19,0,0.0,0,0,33
2023-08-04,SKU_01,12.49,0,0.0,0,0,39
2023-08-05,SKU_01,12.55,0,0.0,1,0,44
2023-08-06,SKU_01,12.53,0,0.0,1,0,41
2023-08-07,SKU_01,11.61,0,0.0,0,0,49
2023-08-08,SKU_01,10.88,0,0.0,0,0,41
2023-08-09,SKU_01,11.32,0,0.0,0,0,33
2023-08-10,SKU_01,13.25,0,0.0,0,0,29
2023-08-11,SKU_01,13.2,0,0.0,0,0,29
2023-08-12,SKU_01,13.78,0,0.0,1,0,42
2023-08-13,SKU_01,13.5,0,0.0,1,0,39
2023-08-14,SKU_01,12.17,0,0.0,0,0,39
2023-08-15,SKU_01,9.8,0,0.0,0,0,39
2023-08-16,SKU_01,10.1,0,0.0,0,0,33
2023-08-17,SKU_01,10.63,0,0.0,0,0,32
2023-08-18,SKU_01,11.76,0,0.0,0,0,31
2023-08-19,SKU_01,12.85,0,0.0,1,0,41
2023-08-20,SKU_01,14.17,0,0.0,1,0,44
2023-08-21,SKU_01,12.71,0,0.0,0,0,34
2023-08-22,SKU_01,12.05,0,0.0,0,0,36
2023-08-23,SKU_01,11.85,0,0.0,0,0,32
2023-08-24,SKU_01,12.37,0,0.0,0,0,32
2023-08-25,SKU_01,12.3,0,0.0,0,0,27
2023-08-26,SKU_01,11.58,0,0.0,1,0,38
2023-08-27,SKU_01,12.26,0,0.0,1,0,45
2023-08-28,SKU_01,12.42,0,0.0,0,0,63
2023-08-29,SKU_01,11.23,0,0.0,0,0,37
2023-08-30,SKU_01,9.45,0,0.0,0,0,34
2023-08-31,SKU_01,10.69,0,0.0,0,0,32
2023-09-01,SKU_01,9.83,0,0.0,0,0,30
2023-09-02,SKU_01,8.77,0,0.0,1,0,45
2023-09-03,SKU_01,8.91,0,0.0,1,0,50
2023-09-04,SKU_01,8.54,0,0.0,0,0,45
2023-09-05,SKU_01,7.59,0,0.0,0,0,36
2023-09-06,SKU_01,7.82,0,0.0,0,0,33
2023-09-07,SKU_01,7.5,0,0.0,0,0,0
2023-09-08,SKU_01,7.73,0,0.0,0,0,30
2023-09-09,SKU_01,6.51,0,0.0,1,0,40
2023-09-10,SKU_01,6.38,0,0.0,1,0,52
2023-09-11,SKU_01,6.6,0,0.0,0,0,47
2023-09-12,SKU_01,6.45,0,0.0,0,0,37
2023-09-13,SKU_01,5.72,0,0.0,0,0,34
2023-09-14,SKU_01,6.34,0,0.0,0,0,27
2023-09-15,SKU_01,6.42,0,0.0,0,0,34
2023-09-16,SKU_01,6.04,0,0.0,1,0,41
2023-09-17,SKU_01,6.23,0,0.0,1,0,50
2023-09-18,SKU_01,5.94,0,0.0,0,0,53
2023-09-19,SKU_01,6.1,0,0.0,0,0,42
2023-09-20,SKU_01,6.6,0,0.0,0,0,31
2023-09-21,SKU_01,6.39,0,0.0,0,0,27
2023-09-22,SKU_01,6.52,0,0.0,0,0,30
2023-09-23,SKU_01,6.19,0,0.0,1,0,43
2023-09-24,SKU_01,6.64,0,0.0,1,0,49
2023-09-25,SKU_01,6.22,0,0.0,0,0,46
2023-09-26,SKU_01,6.21,0,0.0,0,0,0
2023-09-27,SKU_01,5.57,0,0.0,0,0,32
2023-09-28,SKU_01,5.99,0,0.0,0,0,33
2023-09-29,SKU_01,6.1,0,0.0,0,0,33
2023-09-30,SKU_01,6.12,0,0.0,1,0,42
2023-10-01,SKU_01,6.43,0,0.0,1,0,48
2023-10-02,SKU_01,6.93,0,0.0,0,0,10
2023-10-03,SKU_01,7.17,0,0.0,0,0,34
2023-10-04,SKU_01,6.69,0,0.0,0,0,27
2023-10-05,SKU_01,7.07,0,0.0,0,0,28
2023-10-06,SKU_01,7.41,0,0.0,0,0,29
2023-10-07,SKU_01,7.14,0,0.0,1,0,42
2023-10-08,SKU_01,7.26,0,0.0,1,0,38
2023-10-09,SKU_01,7.45,0,0.0,0,0,5
2023-10-10,SKU_01,7.89,0,0.0,0,0,32
2023-10-11,SKU_01,7.33,0,0.0,0,0,29
2023-10-12,SKU_01,7.51,0,0.0,0,0,27
2023-10-13,SKU_01,8.02,0,0.0,0,0,28
2023-10-14,SKU_01,8.22,0,0.0,1,0,31
2023-10-15,SKU_01,8.05,0,0.0,1,0,39
2023-10-16,SKU_01,7.78,0,0.0,0,0,37
2023-10-17,SKU_01,7.92,0,0.0,0,0,28
2023-10-18,SKU_01,6.82,0,0.0,0,0,27
2023-10-19,SKU_01,7.36,0,0.0,0,0,20
2023-10-20,SKU_01,7.18,0,0.0,0,0,31
2023-10-21,SKU_01,8.05,0,0.0,1,0,39
2023-10-22,SKU_01,8.0,0,0.0,1,0,40
2023-10-23,SKU_01,7.63,0,0.0,0,0,38
2023-10-24,SKU_01,7.64,0,0.0,0,0,32
2023-10-25,SKU_01,6.67,0,0.0,0,0,26
2023-10-26,SKU_01,6.71,0,0.0,0,0,22
2023-10-27,SKU_01,6.45,0,0.0,0,0,30
2023-10-28,SKU_01,6.48,0,0.0,1,0,35
2023-10-29,SKU_01,6.43,0,0.0,1,0,36
2023-10-30,SKU_01,5.94,0,0.0,0,0,36
2023-10-31,SKU_01,4.96,0,0.0,0,0,34
2023-11-01,SKU_01,4.97,0,0.0,0,0,26
2023-11-02,SKU_01,5.13,0,0.0,0,0,25
2023-11-03,SKU_01,5.66,0,0.0,0,0,24
2023-11-04,SKU_01,5.69,0,0.0,1,0,38
2023-11-05,SKU_01,5.46,0,0.0,1,0,38
2023-11-06,SKU_01,5.65,0,0.0,0,0,35
2023-11-07,SKU_01,5.69,0,0.0,0,0,32
2023-11-08,SKU_01,5.85,0,0.0,0,0,28
2023-11-09,SKU_01,6.29,0,0.0,0,0,19
2023-11-10,SKU_01,6.26,0,0.0,0,0,29
2023-11-11,SKU_01,6.46,0,0.0,1,0,35
2023-11-12,SKU_01,5.22,0,0.0,1,0,41
2023-11-13,SKU_01,5.38,0,0.0,0,0,36
2023-11-14,SKU_01,6.17,0,0.0,0,0,31
2023-11-15,SKU_01,5.77,0,0.0,0,0,55
2023-11-16,SKU_01,6.12,0,0.0,0,0,23
2023-11-17,SKU_01,6.36,0,0.0,0,0,24
2023-11-18,SKU_01,5.77,0,0.0,1,0,35
2023-11-19,SKU_01,6.05,0,0.0,1,0,38
2023-11-20,SKU_01,5.93,0,0.0,0,0,40
2023-11-21,SKU_01,6.44,0,0.0,0,0,30
2023-11-22,SKU_01,6.5,0,0.0,0,0,23
2023-11-23,SKU_01,6.77,0,0.0,0,0,20
2023-11-24,SKU_01,7.1,0,0.0,0,0,23
2023-11-25,SKU_01,6.33,0,0.0,1,0,32
2023-11-26,SKU_01,6.19,0,0.0,1,0,38
2023-11-27,SKU_01,6.44,0,0.0,0,0,34
2023-11-28,SKU_01,6.44,0,0.0,0,0,28
2023-11-29,SKU_01,6.65,0,0.0,0,0,22
2023-11-30,SKU_01,7.0,0,0.0,0,0,23
2023-12-01,SKU_01,7.04,0,0.0,0,0,26
2023-12-02,SKU_01,6.6,0,0.0,1,0,33
2023-12-03,SKU_01,7.66,0,0.0,1,0,35
2023-12-04,SKU_01,7.72,0,0.0,0,0,30
2023-12-05,SKU_01,8.3,0,0.0,0,0,47
2023-12-06,SKU_01,8.25,0,0.0,0,0,17
2023-12-07,SKU_01,7.76,0,0.0,0,0,18
2023-12-08,SKU_01,8.49,0,0.0,0,0,23
2023-12-09,SKU_01,8.55,0,0.0,1,0,31
2023-12-10,SKU_01,8.4,0,0.0,1,0,33
2023-12-11,SKU_01,8.04,0,0.0,0,0,32
2023-12-12,SKU_01,8.55,0,0.0,0,0,28
2023-12-13,SKU_01,8.84,0,0.0,0,0,19
2023-12-14,SKU_01,9.6,0,0.0,0,0,15
2023-12-15,SKU_01,9.45,0,0.0,0,0,21
2023-12-16,SKU_01,9.66,0,0.0,1,0,1
2023-12-17,SKU_01,9.55,0,0.0,1,0,30
2023-12-18,SKU_01,8.23,0,0.0,0,0,35
2023-12-19,SKU_01,8.14,0,0.0,0,0,27
2023-12-20,SKU_01,8.15,0,0.0,0,0,21
2023-12-21,SKU_01,8.15,0,0.0,0,0,23
2023-12-22,SKU_01,8.7,0,0.0,0,0,21
2023-12-23,SKU_01,9.1,0,0.0,1,0,22
2023-12-24,SKU_01,8.26,0,0.0,1,0,28
2023-12-25,SKU_01,7.72,0,0.0,0,0,30
2023-12-26,SKU_01,7.54,0,0.0,0,0,25
2023-12-27,SKU_01,7.5,0,0.0,0,0,24
2023-12-28,SKU_01,7.7,0,0.0,0,0,22
2023-12-29,SKU_01,7.7,0,0.0,0,0,25
2023-12-30,SKU_01,7.62,0,0.0,1,0,33
2023-12-31,SKU_01,8.59,0,0.0,1,0,37
2024-01-01,SKU_01,8.0,0,0.0,0,1,38
2024-01-02,SKU_01,7.65,0,0.0,0,0,35
2024-01-03,SKU_01,7.8,0,0.0,0,0,21
2024-01-04,SKU_01,6.44,0,0.0,0,0,19
2024-01-05,SKU_01,7.01,0,0.0,0,0,27
2024-01-06,SKU_01,6.59,0,0.0,1,0,35
2024-01-07,SKU_01,6.84,0,0.0,1,1,44
2024-01-08,SKU_01,6.98,0,0.0,0,0,35
2024-01-09,SKU_01,7.69,0,0.0,0,0,27
2024-01-10,SKU_01,8.22,0,0.0,0,0,23
2024-01-11,SKU_01,7.38,0,0.0,0,0,22
2024-01-12,SKU_01,7.03,0,0.0,0,0,30
2024-01-13,SKU_01,6.81,0,0.0,1,0,32
2024-01-14,SKU_01,6.78,0,0.0,1,0,39
2024-01-15,SKU_01,7.05,0,0.0,0,0,35
2024-01-16,SKU_01,6.76,1,0.062,0,0,48
2024-01-17,SKU_01,7.29,0,0.0,0,0,25
2024-01-18,SKU_01,7.41,0,0.0,0,0,24
2024-01-19,SKU_01,7.49,0,0.0,0,0,26
2024-01-20,SKU_01,7.91,0,0.0,1,0,30
2024-01-21,SKU_01,7.94,0,0.0,1,0,38
2024-01-22,SKU_01,7.81,0,0.0,0,0,25
2024-01-23,SKU_01,7.63,0,0.0,0,0,31
2024-01-24,SKU_01,7.91,0,0.0,0,0,20
2024-01-25,SKU_01,8.53,0,0.0,0,0,17
2024-01-26,SKU_01,8.66,0,0.0,0,0,24
2024-01-27,SKU_01,9.08,0,0.0,1,0,32
2024-01-28,SKU_01,9.32,0,0.0,1,0,42
2024-01-29,SKU_01,9.19,0,0.0,0,0,31
2024-01-30,SKU_01,8.57,0,0.0,0,0,32
2024-01-31,SKU_01,8.51,0,0.0,0,0,25
2024-02-01,SKU_01,9.58,0,0.0,0,0,20
2024-02-02,SKU_01,9.42,0,0.0,0,0,27
2024-02-03,SKU_01,9.18,0,0.0,1,0,36
2024-02-04,SKU_01,9.76,0,0.0,1,0,30
2024-02-05,SKU_01,9.75,0,0.0,0,0,33
2024-02-06,SKU_01,10.69,0,0.0,0,0,27
2024-02-07,SKU_01,9.46,0,0.0,0,0,25
2024-02-08,SKU_01,8.89,0,0.0,0,0,23
2024-02-09,SKU_01,7.8,0,0.0,0,0,28
2024-02-10,SKU_01,7.08,0,0.0,1,0,35
2024-02-11,SKU_01,6.81,0,0.0,1,0,40
2024-02-12,SKU_01,7.04,0,0.0,0,0,41
2024-02-13,SKU_01,7.67,0,0.0,0,0,35
2024-02-14,SKU_01,7.68,0,0.0,0,0,31
2024-02-15,SKU_01,7.77,0,0.0,0,0,25
2024-02-16,SKU_01,8.15,0,0.0,0,0,22
2024-02-17,SKU_01,8.28,0,0.0,1,0,31
2024-02-18,SKU_01,8.89,0,0.0,1,0,42
2024-02-19,SKU_01,8.81,0,0.0,0,0,34
2024-02-20,SKU_01,8.46,0,0.0,0,0,31
2024-02-21,SKU_01,9.28,0,0.0,0,0,31
2024-02-22,SKU_01,9.5,0,0.0,0,0,24
2024-02-23,SKU_01,10.11,0,0.0,0,1,26
2024-02-24,SKU_01,8.94,0,0.0,1,0,28
2024-02-25,SKU_01,8.83,0,0.0,1,0,38
2024-02-26,SKU_01,9.82,0,0.0,0,0,36
2024-02-27,SKU_01,10.32,0,0.0,0,0,31
2024-02-28,SKU_01,10.44,0,0.0,0,0,22
2024-02-29,SKU_01,10.2,0,0.0,0,0,25
2024-03-01,SKU_01,9.4,0,0.0,0,0,28
2024-03-02,SKU_01,9.27,0,0.0,1,0,41
2024-03-03,SKU_01,9.35,0,0.0,1,0,33
2024-03-04,SKU_01,8.32,0,0.0,0,0,37
2024-03-05,SKU_01,7.26,0,0.0,0,0,35
2024-03-06,SKU_01,7.06,0,0.0,0,0,23
2024-03-07,SKU_01,7.35,0,0.0,0,0,22
2024-03-08,SKU_01,8.32,0,0.0,0,1,32
2024-03-09,SKU_01,9.14,0,0.0,1,0,36
2024-03-10,SKU_01,9.96,0,0.0,1,0,40
2024-03-11,SKU_01,10.22,0,0.0,0,0,35
2024-03-12,SKU_01,9.3,0,0.0,0,0,35
2024-03-13,SKU_01,9.21,0,0.0,0,0,24
2024-03-14,SKU_01,8.64,0,0.0,0,0,27
2024-03-15,SKU_01,7.74,0,0.0,0,0,30
2024-03-16,SKU_01,7.0,0,0.0,1,0,75
2024-03-17,SKU_01,7.55,0,0.0,1,0,43
2024-03-18,SKU_01,6.75,0,0.0,0,0,41
2024-03-19,SKU_01,6.13,0,0.0,0,0,40
2024-03-20,SKU_01,6.31,0,0.0,0,0,29
2024-03-21,SKU_01,6.29,0,0.0,0,0,28
2024-03-22,SKU_01,6.85,0,0.0,0,0,31
2024-03-23,SKU_01,6.98,0,0.0,1,0,40
2024-03-24,SKU_01,7.23,0,0.0,1,0,43
2024-03-25,SKU_01,7.5,0,0.0,0,0,42
2024-03-26,SKU_01,8.06,0,0.0,0,0,39
2024-03-27,SKU_01,7.41,0,0.0,0,0,31
2024-03-28,SKU_01,7.94,0,0.0,0,0,26
2024-03-29,SKU_01,7.17,0,0.0,0,0,34
2024-03-30,SKU_01,6.47,0,0.0,1,0,43
2024-03-31,SKU_01,6.17,0,0.0,1,0,48
2024-04-01,SKU_01,6.08,0,0.0,0,0,48
2024-04-02,SKU_01,6.13,0,0.0,0,0,46
2024-04-03,SKU_01,6.61,0,0.0,0,0,33
2024-04-04,SKU_01,6.31,0,0.0,0,0,31
2024-04-05,SKU_01,6.21,0,0.0,0,0,32
2024-04-06,SKU_01,6.1,0,0.0,1,0,49
2024-04-07,SKU_01,5.84,0,0.0,1,0,50
2024-04-08,SKU_01,6.18,0,0.0,0,0,42
2024-04-09,SKU_01,5.96,0,0.0,0,0,48
2024-04-10,SKU_01,5.28,0,0.0,0,0,36
2024-04-11,SKU_01,4.47,0,0.0,0,0,35
2024-04-12,SKU_01,4.78,0,0.0,0,0,40
2024-04-13,SKU_01,4.74,0,0.0,1,0,49
2024-04-14,SKU_01,4.93,0,0.0,1,0,52
2024-04-15,SKU_01,5.55,0,0.0,0,0,47
2024-04-16,SKU_01,5.58,0,0.0,0,0,42
2024-04-17,SKU_01,5.05,0,0.0,0,0,36
2024-04-18,SKU_01,4.78,0,0.0,0,0,35
2024-04-19,SKU_01,4.37,0,0.0,0,0,41
2024-04-20,SKU_01,4.23,0,0.0,1,0,51
2024-04-21,SKU_01,4.07,0,0.0,1,0,65
2024-04-22,SKU_01,3.79,0,0.0,0,0,54
2024-04-23,SKU_01,3.53,0,0.0,0,0,53
2024-04-24,SKU_01,3.32,0,0.0,0,0,41
2024-04-25,SKU_01,3.33,0,0.0,0,0,39
2024-04-26,SKU_01,3.04,0,0.0,0,0,48
2024-04-27,SKU_01,3.06,0,0.0,1,0,63
2024-04-28,SKU_01,3.28,0,0.0,1,0,59
2024-04-29,SKU_01,3.28,0,0.0,0,0,59
2024-04-30,SKU_01,3.21,0,0.0,0,0,53
2024-05-01,SKU_01,3.3,0,0.0,0,1,46
2024-05-02,SKU_01,3.4,0,0.0,0,1,40
2024-05-03,SKU_01,2.96,0,0.0,0,0,45
2024-05-04,SKU_01,3.09,0,0.0,1,0,54
2024-05-05,SKU_01,3.25,0,0.0,1,0,66
2024-05-06,SKU_01,3.43,0,0.0,0,0,61
2024-05-07,SKU_01,3.44,0,0.0,0,0,52
2024-05-08,SKU_01,3.49,0,0.0,0,0,41
2024-05-09,SKU_01,3.5,0,0.0,0,1,40
2024-05-10,SKU_01,3.5,0,0.0,0,0,42
2024-05-11,SKU_01,3.56,0,0.0,1,0,55
2024-05-12,SKU_01,3.52,0,0.0,1,0,65
2024-05-13,SKU_01,3.27,0,0.0,0,0,61
2024-05-14,SKU_01,3.22,0,0.0,0,0,56
2024-05-15,SKU_01,3.1,0,0.0,0,0,39
2024-05-16,SKU_01,3.25,0,0.0,0,0,41
2024-05-17,SKU_01,3.56,0,0.0,0,0,44
2024-05-18,SKU_01,3.31,0,0.0,1,0,61
2024-05-19,SKU_01,3.14,0,0.0,1,0,64
2024-05-20,SKU_01,2.82,0,0.0,0,0,62
2024-05-21,SKU_01,3.02,0,0.0,0,0,51
2024-05-22,SKU_01,3.02,0,0.0,0,0,42
2024-05-23,SKU_01,3.12,0,0.0,0,0,30
2024-05-24,SKU_01,3.0,0,0.0,0,0,43
2024-05-25,SKU_01,3.2,0,0.0,1,0,55
2024-05-26,SKU_01,3.08,0,0.0,1,0,60
2024-05-27,SKU_01,3.0,0,0.0,0,0,66
2024-05-28,SKU_01,2.99,0,0.0,0,0,51
2024-05-29,SKU_01,3.01,0,0.0,0,0,39
2024-05-30,SKU_01,2.86,0,0.0,0,0,41
2024-05-31,SKU_01,2.91,0,0.0,0,0,43
2024-06-01,SKU_01,3.08,0,0.0,1,0,60
2024-06-02,SKU_01,2.95,0,0.0,1,0,67
2024-06-03,SKU_01,3.0,0,0.0,0,0,61
2024-06-04,SKU_01,2.93,0,0.0,0,0,57
2024-06-05,SKU_01,2.57,0,0.0,0,0,47
2024-06-06,SKU_01,2.48,0,0.0,0,0,41
2024-06-07,SKU_01,2.51,0,0.0,0,0,49
2024-06-08,SKU_01,2.6,0,0.0,1,0,64
2024-06-09,SKU_01,2.65,0,0.0,1,0,67
2024-06-10,SKU_01,2.53,0,0.0,0,0,68
2024-06-11,SKU_01,2.52,0,0.0,0,0,53
2024-06-12,SKU_01,2.81,0,0.0,0,0,49
2024-06-13,SKU_01,2.84,0,0.0,0,0,41
2024-06-14,SKU_01,2.84,0,0.0,0,0,42
2024-06-15,SKU_01,2.57,0,0.0,1,0,60
2024-06-16,SKU_01,2.79,0,0.0,1,0,66
2024-06-17,SKU_01,2.92,0,0.0,0,0,61
2024-06-18,SKU_01,3.1,0,0.0,0,0,48
2024-06-19,SKU_01,2.9,0,0.0,0,0,40
2024-06-20,SKU_01,3.05,0,0.0,0,0,39
2024-06-21,SKU_01,3.16,0,0.0,0,0,40
2024-06-22,SKU_01,2.86,0,0.0,1,0,58
2024-06-23,SKU_01,2.83,0,0.0,1,0,64
2024-06-24,SKU_01,2.77,0,0.0,0,0,61
2024-06-25,SKU_01,2.53,0,0.0,0,0,52
2024-06-26,SKU_01,2.6,0,0.0,0,0,48
2024-06-27,SKU_01,2.73,0,0.0,0,0,40
2024-06-28,SKU_01,2.77,0,0.0,0,0,45
2024-06-29,SKU_01,2.91,0,0.0,1,0,62
2024-06-30,SKU_01,2.96,0,0.0,1,0,61
2024-07-01,SKU_01,2.86,0,0.0,0,0,59
2024-07-02,SKU_01,2.93,0,0.0,0,0,53
2024-07-03,SKU_01,2.88,0,0.0,0,0,44
2024-07-04,SKU_01,2.99,0,0.0,0,0,37
2024-07-05,SKU_01,3.03,0,0.0,0,0,45
2024-07-06,SKU_01,3.05,0,0.0,1,0,53
2024-07-07,SKU_01,2.97,0,0.0,1,0,65
2024-07-08,SKU_01,2.96,0,0.0,0,0,55
2024-07-09,SKU_01,2.82,0,0.0,0,0,51
2024-07-10,SKU_01,2.81,0,0.0,0,0,42
2024-07-11,SKU_01,2.92,0,0.0,0,0,34
2024-07-12,SKU_01,2.82,0,0.0,0,0,46
2024-07-13,SKU_01,2.94,0,0.0,1,0,50
2024-07-14,SKU_01,2.8,0,0.0,1,0,60
2024-07-15,SKU_01,2.57,0,0.0,0,0,60
2024-07-16,SKU_01,2.67,0,0.0,0,0,45
2024-07-17,SKU_01,2.5,0,0.0,0,0,41
2024-07-18,SKU_01,2.83,0,0.0,0,0,33
2024-07-19,SKU_01,2.83,0,0.0,0,0,41
2024-07-20,SKU_01,2.79,0,0.0,1,0,54
2024-07-21,SKU_01,2.91,0,0.0,1,0,60
2024-07-22,SKU_01,3.02,0,0.0,0,0,57
2024-07-23,SKU_01,3.38,0,0.0,0,0,45
2024-07-24,SKU_01,3.23,0,0.0,0,0,38
2024-07-25,SKU_01,3.06,0,0.0,0,0,36
2024-07-26,SKU_01,3.5,0,0.0,0,0,33
2024-07-27,SKU_01,3.87,0,0.0,1,0,47
2024-07-28,SKU_01,3.64,0,0.0,1,0,48
2024-07-29,SKU_01,3.86,0,0.0,0,0,45
2024-07-30,SKU_01,3.85,0,0.0,0,0,44
2024-07-31,SKU_01,3.25,0,0.0,0,0,37
2024-08-01,SKU_01,3.48,0,0.0,0,0,32
2024-08-02,SKU_01,3.43,0,0.0,0,0,36
2024-08-03,SKU_01,3.02,0,0.0,1,0,51
2024-08-04,SKU_01,3.2,0,0.0,1,0,58
2024-08-05,SKU_01,3.08,0,0.0,0,0,53
2024-08-06,SKU_01,3.14,0,0.0,0,0,50
2024-08-07,SKU_01,3.34,0,0.0,0,0,38
2024-08-08,SKU_01,3.25,0,0.0,0,0,29
2024-08-09,SKU_01,3.14,0,0.0,0,0,28
2024-08-10,SKU_01,3.05,0,0.0,1,0,48
2024-08-11,SKU_01,3.31,0,0.0,1,0,55
2024-08-12,SKU_01,3.32,0,0.0,0,0,48
2024-08-13,SKU_01,3.8,0,0.0,0,0,43
2024-08-14,SKU_01,3.81,0,0.0,0,0,36
2024-08-15,SKU_01,3.85,0,0.0,0,0,29
2024-08-16,SKU_01,3.84,0,0.0,0,0,35
2024-08-17,SKU_01,4.11,0,0.0,1,0,35
2024-08-18,SKU_01,4.06,0,0.0,1,0,43
2024-08-19,SKU_01,4.46,0,0.0,0,0,41
2024-08-20,SKU_01,4.51,0,0.0,0,0,37
2024-08-21,SKU_01,4.87,0,0.0,0,0,27
2024-08-22,SKU_01,5.03,0,0.0,0,0,24
2024-08-23,SKU_01,4.73,0,0.0,0,0,29
2024-08-24,SKU_01,5.23,0,0.0,1,0,35
2024-08-25,SKU_01,5.24,0,0.0,1,0,35
2024-08-26,SKU_01,5.07,0,0.0,0,0,39
2024-08-27,SKU_01,5.44,0,0.0,0,0,27
2024-08-28,SKU_01,5.55,0,0.0,0,0,25
2024-08-29,SKU_01,5.31,0,0.0,0,0,24
2024-08-30,SKU_01,5.07,0,0.0,0,0,22
2024-08-31,SKU_01,5.17,0,0.0,1,0,33
2024-09-01,SKU_01,5.7,0,0.0,1,0,41
2024-09-02,SKU_01,5.42,0,0.0,0,0,30
2024-09-03,SKU_01,5.32,0,0.0,0,0,34
2024-09-04,SKU_01,6.06,0,0.0,0,0,20
2024-09-05,SKU_01,6.47,0,0.0,0,0,18
2024-09-06,SKU_01,6.05,0,0.0,0,0,25
2024-09-07,SKU_01,6.28,0,0.0,1,0,39
2024-09-08,SKU_01,6.12,0,0.0,1,0,33
2024-09-09,SKU_01,5.96,0,0.0,0,0,33
2024-09-10,SKU_01,6.35,0,0.0,0,0,24
2024-09-11,SKU_01,5.8,0,0.0,0,0,21
2024-09-12,SKU_01,5.64,0,0.0,0,0,20
2024-09-13,SKU_01,5.48,0,0.0,0,0,25
2024-09-14,SKU_01,4.74,0,0.0,1,0,39
2024-09-15,SKU_01,4.47,0,0.0,1,0,37
2024-09-16,SKU_01,4.5,0,0.0,0,0,35
2024-09-17,SKU_01,4.5,0,0.0,0,0,28
2024-09-18,SKU_01,4.82,0,0.0,0,0,23
2024-09-19,SKU_01,5.21,0,0.0,0,0,22
2024-09-20,SKU_01,5.63,0,0.0,0,0,26
2024-09-21,SKU_01,5.52,0,0.0,1,0,33
2024-09-22,SKU_01,5.56,0,0.0,1,0,35
2024-09-23,SKU_01,4.94,0,0.0,0,0,34
2024-09-24,SKU_01,4.87,0,0.0,0,0,28
2024-09-25,SKU_01,4.75,0,0.0,0,0,25
2024-09-26,SKU_01,4.83,0,0.0,0,0,18
2024-09-27,SKU_01,4.55,0,0.0,0,0,25
2024-09-28,SKU_01,4.67,0,0.0,1,0,30
2024-09-29,SKU_01,4.58,0,0.0,1,0,29
2024-09-30,SKU_01,4.54,0,0.0,0,0,31
2024-10-01,SKU_01,3.92,0,0.0,0,0,30
2024-10-02,SKU_01,3.93,0,0.0,0,0,21
2024-10-03,SKU_01,3.98,0,0.0,0,0,28
2024-10-04,SKU_01,4.15,0,0.0,0,0,25
2024-10-05,SKU_01,3.93,0,0.0,1,0,29
2024-10-06,SKU_01,4.18,0,0.0,1,0,37
2024-10-07,SKU_01,4.2,0,0.0,0,0,29
2024-10-08,SKU_01,4.79,0,0.0,0,0,24
2024-10-09,SKU_01,5.18,0,0.0,0,0,19
2024-10-10,SKU_01,5.66,0,0.0,0,0,15
2024-10-11,SKU_01,5.3,0,0.0,0,0,16
2024-10-12,SKU_01,5.58,0,0.0,1,0,25
2024-10-13,SKU_01,5.58,0,0.0,1,0,27
2024-10-14,SKU_01,5.33,0,0.0,0,0,27
2024-10-15,SKU_01,5.8,0,0.0,0,0,24
2024-10-16,SKU_01,5.43,0,0.0,0,0,23
2024-10-17,SKU_01,5.31,0,0.0,0,0,19
2024-10-18,SKU_01,5.28,0,0.0,0,0,20
2024-10-19,SKU_01,5.85,0,0.0,1,0,22
2024-10-20,SKU_01,5.12,0,0.0,1,0,27
2024-10-21,SKU_01,5.21,0,0.0,0,0,24
2024-10-22,SKU_01,4.97,0,0.0,0,0,24
2024-10-23,SKU_01,4.84,0,0.0,0,0,35
2024-10-24,SKU_01,4.69,0,0.0,0,0,22
2024-10-25,SKU_01,4.85,0,0.0,0,0,20
2024-10-26,SKU_01,5.16,0,0.0,1,0,21
2024-10-27,SKU_01,5.08,0,0.0,1,0,25
2024-10-28,SKU_01,5.06,0,0.0,0,0,28
2024-10-29,SKU_01,5.11,0,0.0,0,0,20
2024-10-30,SKU_01,5.39,0,0.0,0,0,20
2024-10-31,SKU_01,4.38,0,0.0,0,0,20
2024-11-01,SKU_01,4.36,0,0.0,0,0,21
2024-11-02,SKU_01,4.4,0,0.0,1,0,30
2024-11-03,SKU_01,3.9,0,0.0,1,0,27
2024-11-04,SKU_01,3.86,0,0.0,0,0,24
2024-11-05,SKU_01,4.3,0,0.0,0,0,21
2024-11-06,SKU_01,4.23,0,0.0,0,0,21
2024-11-07,SKU_01,4.0,0,0.0,0,0,21
2024-11-08,SKU_01,3.87,0,0.0,0,0,22
2024-11-09,SKU_01,3.77,0,0.0,1,0,24
2024-11-10,SKU_01,3.93,0,0.0,1,0,27
2024-11-11,SKU_01,3.52,0,0.0,0,0,26
2024-11-12,SKU_01,3.1,0,0.0,0,0,29
2024-11-13,SKU_01,3.21,0,0.0,0,0,29
2024-11-14,SKU_01,3.33,0,0.0,0,0,23
2024-11-15,SKU_01,3.18,0,0.0,0,0,22
2024-11-16,SKU_01,3.19,0,0.0,1,0,33
2024-11-17,SKU_01,3.16,0,0.0,1,0,33
2024-11-18,SKU_01,3.28,0,0.0,0,0,28
2024-11-19,SKU_01,3.49,0,0.0,0,0,25
2024-11-20,SKU_01,3.89,0,0.0,0,0,18
2024-11-21,SKU_01,3.72,0,0.0,0,0,17
2024-11-22,SKU_01,3.59,0,0.0,0,0,23
2024-11-23,SKU_01,3.23,0,0.0,1,0,28
2024-11-24,SKU_01,3.2,0,0.0,1,0,38
2024-11-25,SKU_01,3.01,0,0.0,0,0,30
2024-11-26,SKU_01,2.99,0,0.0,0,0,26
2024-11-27,SKU_01,2.96,0,0.0,0,0,19
2024-11-28,SKU_01,2.75,0,0.0,0,0,22
2024-11-29,SKU_01,2.73,0,0.0,0,0,20
2024-11-30,SKU_01,3.01,1,0.252,1,0,53
2024-12-01,SKU_01,2.85,0,0.0,1,0,33
2024-12-02,SKU_01,3.14,0,0.0,0,0,26
2024-12-03,SKU_01,2.92,0,0.0,0,0,21
2024-12-04,SKU_01,2.82,0,0.0,0,0,24
2024-12-05,SKU_01,2.96,0,0.0,0,0,20
2024-12-06,SKU_01,2.98,0,0.0,0,0,22
2024-12-07,SKU_01,2.96,0,0.0,1,0,26
2024-12-08,SKU_01,2.73,0,0.0,1,0,34
2024-12-09,SKU_01,2.63,0,0.0,0,0,28
2024-12-10,SKU_01,2.64,0,0.0,0,0,28
2024-12-11,SKU_01,2.55,0,0.0,0,0,23
2024-12-12,SKU_01,2.88,0,0.0,0,0,21
2024-12-13,SKU_01,2.74,0,0.0,0,0,20
2024-12-14,SKU_01,2.9,0,0.0,1,0,27
2024-12-15,SKU_01,2.76,0,0.0,1,0,29
2024-12-16,SKU_01,2.26,0,0.0,0,0,29
2024-12-17,SKU_01,2.51,0,0.0,0,0,26
2024-12-18,SKU_01,2.55,0,0.0,0,0,25
2024-12-19,SKU_01,2.35,0,0.0,0,0,12
2024-12-20,SKU_01,2.02,0,0.0,0,0,25
2024-12-21,SKU_01,2.28,0,0.0,1,0,28
2024-12-22,SKU_01,2.28,0,0.0,1,0,39
2024-12-23,SKU_01,2.28,0,0.0,0,0,29
2024-12-24,SKU_01,2.3,0,0.0,0,0,25
2024-12-25,SKU_01,2.28,0,0.0,0,0,27
2024-12-26,SKU_01,2.25,0,0.0,0,0,24
2024-12-27,SKU_01,2.28,0,0.0,0,0,25
2024-12-28,SKU_01,2.52,0,0.0,1,0,27
2024-12-29,SKU_01,2.32,0,0.0,1,0,37
2024-12-30,SKU_01,2.43,0,0.0,0,0,29
2024-12-31,SKU_01,2.11,0,0.0,0,0,35
2025-01-01,SKU_01,2.06,0,0.0,0,1,26
2025-01-02,SKU_01,1.98,0,0.0,0,0,20
2025-01-03,SKU_01,1.71,0,0.0,0,0,24
2025-01-04,SKU_01,1.69,0,0.0,1,0,30
2025-01-05,SKU_01,1.6,0,0.0,1,0,35
2025-01-06,SKU_01,1.64,0,0.0,0,0,35
2025-01-07,SKU_01,1.55,0,0.0,0,1,36
2025-01-08,SKU_01,1.5,0,0.0,0,0,28
2025-01-09,SKU_01,1.59,0,0.0,0,0,21
2025-01-10,SKU_01,1.58,0,0.0,0,0,25
2025-01-11,SKU_01,1.51,0,0.0,1,0,43
2025-01-12,SKU_01,1.53,0,0.0,1,0,41
2025-01-13,SKU_01,1.73,0,0.0,0,0,31
2025-01-14,SKU_01,1.82,0,0.0,0,0,0
2025-01-15,SKU_01,1.95,0,0.0,0,0,23
2025-01-16,SKU_01,1.89,0,0.0,0,0,23
2025-01-17,SKU_01,2.01,0,0.0,0,0,23
2025-01-18,SKU_01,2.25,0,0.0,1,0,38
2025-01-19,SKU_01,2.33,0,0.0,1,0,37
2025-01-20,SKU_01,2.32,0,0.0,0,0,28
2025-01-21,SKU_01,2.2,0,0.0,0,0,31
2025-01-22,SKU_01,2.24,0,0.0,0,0,21
2025-01-23,SKU_01,2.06,0,0.0,0,0,24
2025-01-24,SKU_01,2.09,0,0.0,0,0,23
2025-01-25,SKU_01,2.14,0,0.0,1,0,0
2025-01-26,SKU_01,1.98,0,0.0,1,0,43
2025-01-27,SKU_01,1.96,0,0.0,0,0,36
2025-01-28,SKU_01,1.91,0,0.0,0,0,36
2025-01-29,SKU_01,1.94,0,0.0,0,0,25
2025-01-30,SKU_01,1.86,0,0.0,0,0,19
2025-01-31,SKU_01,1.77,0,0.0,0,0,29
2025-02-01,SKU_01,1.7,0,0.0,1,0,34
2025-02-02,SKU_01,1.57,0,0.0,1,0,41
2025-02-03,SKU_01,1.65,0,0.0,0,0,40
2025-02-04,SKU_01,1.69,0,0.0,0,0,35
2025-02-05,SKU_01,1.76,0,0.0,0,0,26
2025-02-06,SKU_01,1.61,0,0.0,0,0,21
2025-02-07,SKU_01,1.59,0,0.0,0,0,32
2025-02-08,SKU_01,1.55,0,0.0,1,0,41
2025-02-09,SKU_01,1.59,0,0.0,1,0,45
2025-02-10,SKU_01,1.54,0,0.0,0,0,37
2025-02-11,SKU_01,1.64,0,0.0,0,0,41
2025-02-12,SKU_01,1.75,0,0.0,0,0,22
2025-02-13,SKU_01,1.78,0,0.0,0,0,26
2025-02-14,SKU_01,1.61,0,0.0,0,0,32
2025-02-15,SKU_01,1.56,0,0.0,1,0,42
2025-02-16,SKU_01,1.44,0,0.0,1,0,45
2025-02-17,SKU_01,1.48,0,0.0,0,0,43
2025-02-18,SKU_01,1.5,0,0.0,0,0,39
2025-02-19,SKU_01,1.47,0,0.0,0,0,27
2025-02-20,SKU_01,1.43,0,0.0,0,0,32
2025-02-21,SKU_01,1.39,0,0.0,0,0,31
2025-02-22,SKU_01,1.31,0,0.0,1,0,41
2025-02-23,SKU_01,1.15,0,0.0,1,1,56
2025-02-24,SKU_01,1.12,0,0.0,0,0,50
2025-02-25,SKU_01,1.06,0,0.0,0,0,40
2025-02-26,SKU_01,0.99,0,0.0,0,0,37
2025-02-27,SKU_01,0.95,0,0.0,0,0,30
2025-02-28,SKU_01,0.96,0,0.0,0,0,39
2025-03-01,SKU_01,1.16,0,0.0,1,0,42
2025-03-02,SKU_01,1.12,0,0.0,1,0,50
2025-03-03,SKU_01,1.2,0,0.0,0,0,49
2025-03-04,SKU_01,1.27,0,0.0,0,0,42
2025-03-05,SKU_01,1.34,0,0.0,0,0,30
2025-03-06,SKU_01,1.32,0,0.0,0,0,28
2025-03-07,SKU_01,1.32,0,0.0,0,0,30
2025-03-08,SKU_01,1.18,0,0.0,1,1,57
2025-03-09,SKU_01,1.07,0,0.0,1,0,54
2025-03-10,SKU_01,1.0,0,0.0,0,0,47
2025-03-11,SKU_01,0.98,0,0.0,0,0,43
2025-03-12,SKU_01,0.91,0,0.0,0,0,66
2025-03-13,SKU_01,0.94,0,0.0,0,0,34
2025-03-14,SKU_01,0.95,0,0.0,0,0,36
2025-03-15,SKU_01,0.95,0,0.0,1,0,47
2025-03-16,SKU_01,0.93,0,0.0,1,0,53
2025-03-17,SKU_01,0.93,0,0.0,0,0,47
2025-03-18,SKU_01,0.9,0,0.0,0,0,43
2025-03-19,SKU_01,0.93,0,0.0,0,0,32
2025-03-20,SKU_01,0.9,0,0.0,0,0,37
2025-03-21,SKU_01,0.81,0,0.0,0,0,40
2025-03-22,SKU_01,0.9,0,0.0,1,0,52
2025-03-23,SKU_01,0.77,0,0.0,1,0,57
2025-03-24,SKU_01,0.77,0,0.0,0,0,60
2025-03-25,SKU_01,0.78,0,0.0,0,0,58
2025-03-26,SKU_01,0.79,0,0.0,0,0,43
2025-03-27,SKU_01,0.71,0,0.0,0,0,34
2025-03-28,SKU_01,0.74,0,0.0,0,0,49
2025-03-29,SKU_01,0.83,0,0.0,1,0,57
2025-03-30,SKU_01,0.81,0,0.0,1,0,60
2025-03-31,SKU_01,0.73,0,0.0,0,0,63
2025-04-01,SKU_01,0.69,0,0.0,0,0,55
2025-04-02,SKU_01,0.69,0,0.0,0,0,44
2025-04-03,SKU_01,0.79,0,0.0,0,0,40
2025-04-04,SKU_01,0.71,0,0.0,0,0,40
2025-04-05,SKU_01,0.74,0,0.0,1,0,57
2025-04-06,SKU_01,0.71,0,0.0,1,0,66
2025-04-07,SKU_01,0.76,0,0.0,0,0,57
2025-04-08,SKU_01,0.7,0,0.0,0,0,57
2025-04-09,SKU_01,0.7,0,0.0,0,0,45
2025-04-10,SKU_01,0.69,0,0.0,0,0,39
2025-04-11,SKU_01,0.76,0,0.0,0,0,40
2025-04-12,SKU_01,0.79,0,0.0,1,0,57
2025-04-13,SKU_01,0.77,0,0.0,1,0,64
2025-04-14,SKU_01,0.74,1,0.093,0,0,101
2025-04-15,SKU_01,0.75,0,0.0,0,0,56
2025-04-16,SKU_01,0.74,0,0.0,0,0,39
2025-04-17,SKU_01,0.79,0,0.0,0,0,38
2025-04-18,SKU_01,0.81,0,0.0,0,0,41
2025-04-19,SKU_01,0.89,0,0.0,1,0,52
2025-04-20,SKU_01,0.82,0,0.0,1,0,60
2025-04-21,SKU_01,0.81,0,0.0,0,0,60
2025-04-22,SKU_01,0.82,0,0.0,0,0,56
2025-04-23,SKU_01,0.86,0,0.0,0,0,43
2025-04-24,SKU_01,0.9,0,0.0,0,0,34
2025-04-25,SKU_01,0.79,0,0.0,0,0,39
2025-04-26,SKU_01,0.82,0,0.0,1,0,57
2025-04-27,SKU_01,0.93,0,0.0,1,0,57
2025-04-28,SKU_01,0.93,0,0.0,0,0,54
2025-04-29,SKU_01,1.08,0,0.0,0,0,50
2025-04-30,SKU_01,1.15,0,0.0,0,0,37
2025-05-01,SKU_01,1.21,0,0.0,0,1,39
2025-05-02,SKU_01,1.26,0,0.0,0,1,39
2025-05-03,SKU_01,1.33,0,0.0,1,0,47
2025-05-04,SKU_01,1.36,0,0.0,1,0,51
2025-05-05,SKU_01,1.54,0,0.0,0,0,48
2025-05-06,SKU_01,1.62,0,0.0,0,0,39
2025-05-07,SKU_01,1.48,0,0.0,0,0,30
2025-05-08,SKU_01,1.33,0,0.0,0,0,31
2025-05-09,SKU_01,1.2,0,0.0,0,1,45
2025-05-10,SKU_01,1.31,0,0.0,1,0,49
2025-05-11,SKU_01,1.34,0,0.0,1,0,52
2025-05-12,SKU_01,1.34,0,0.0,0,0,48
2025-05-13,SKU_01,1.2,0,0.0,0,0,45
2025-05-14,SKU_01,1.24,0,0.0,0,0,32
2025-05-15,SKU_01,1.4,0,0.0,0,0,31
2025-05-16,SKU_01,1.35,0,0.0,0,0,33
2025-05-17,SKU_01,1.37,0,0.0,1,0,51
2025-05-18,SKU_01,1.43,0,0.0,1,0,54
2025-05-19,SKU_01,1.36,0,0.0,0,0,44
2025-05-20,SKU_01,1.36,0,0.0,0,0,44
2025-05-21,SKU_01,1.33,0,0.0,0,0,34
2025-05-22,SKU_01,1.38,0,0.0,0,0,28
2025-05-23,SKU_01,1.3,0,0.0,0,0,37
2025-05-24,SKU_01,1.3,0,0.0,1,0,47
2025-05-25,SKU_01,1.42,0,0.0,1,0,51
2025-05-26,SKU_01,1.35,0,0.0,0,0,48
2025-05-27,SKU_01,1.31,0,0.0,0,0,41
2025-05-28,SKU_01,1.18,0,0.0,0,0,44
2025-05-29,SKU_01,1.15,0,0.0,0,0,36
2025-05-30,SKU_01,1.13,0,0.0,0,0,37
2025-05-31,SKU_01,1.09,0,0.0,1,0,46
2025-06-01,SKU_01,1.12,0,0.0,1,0,55
2025-06-02,SKU_01,1.16,0,0.0,0,0,51
2025-06-03,SKU_01,1.23,0,0.0,0,0,44
2025-06-04,SKU_01,1.28,0,0.0,0,0,36
2025-06-05,SKU_01,1.27,0,0.0,0,0,28
2025-06-06,SKU_01,1.38,0,0.0,0,0,34
2025-06-07,SKU_01,1.54,0,0.0,1,0,42
2025-06-08,SKU_01,1.62,0,0.0,1,0,42
2025-06-09,SKU_01,1.51,0,0.0,0,0,42
2025-06-10,SKU_01,1.48,0,0.0,0,0,37
2025-06-11,SKU_01,1.5,0,0.0,0,0,31
2025-06-12,SKU_01,1.45,0,0.0,0,0,27
2025-06-13,SKU_01,1.44,0,0.0,0,0,36
2025-06-14,SKU_01,1.56,0,0.0,1,0,42
2025-06-15,SKU_01,1.65,0,0.0,1,0,43
2025-06-16,SKU_01,1.88,0,0.0,0,0,41
2025-06-17,SKU_01,1.95,0,0.0,0,0,31
2025-06-18,SKU_01,1.94,0,0.0,0,0,22
2025-06-19,SKU_01,1.92,0,0.0,0,0,27
2025-06-20,SKU_01,1.83,0,0.0,0,0,24
2025-06-21,SKU_01,1.69,0,0.0,1,0,37
2025-06-22,SKU_01,1.77,0,0.0,1,0,40
2025-06-23,SKU_01,1.82,0,0.0,0,0,40
2025-06-24,SKU_01,1.7,0,0.0,0,0,37
2025-06-25,SKU_01,1.57,0,0.0,0,0,29
2025-06-26,SKU_01,1.72,0,0.0,0,0,26
2025-06-27,SKU_01,1.61,0,0.0,0,0,27
2025-06-28,SKU_01,1.46,0,0.0,1,0,37
2025-06-29,SKU_01,1.33,0,0.0,1,0,49
2025-06-30,SKU_01,1.38,0,0.0,0,0,50
2025-07-01,SKU_01,1.24,0,0.0,0,0,43
2025-07-02,SKU_01,1.44,0,0.0,0,0,30
2025-07-03,SKU_01,1.41,0,0.0,0,0,28
2025-07-04,SKU_01,1.38,0,0.0,0,0,34
2025-07-05,SKU_01,1.45,0,0.0,1,0,37
2025-07-06,SKU_01,1.52,0,0.0,1,0,44
2025-07-07,SKU_01,1.64,0,0.0,0,0,40
2025-07-08,SKU_01,1.61,0,0.0,0,0,38
2025-07-09,SKU_01,1.6,0,0.0,0,0,28
2025-07-10,SKU_01,1.53,0,0.0,0,0,26
2025-07-11,SKU_01,1.33,0,0.0,0,0,28
2025-07-12,SKU_01,1.44,0,0.0,1,0,39
2025-07-13,SKU_01,1.36,0,0.0,1,0,41
2025-07-14,SKU_01,1.22,0,0.0,0,0,40
2025-07-15,SKU_01,1.25,0,0.0,0,0,39
2025-07-16,SKU_01,1.27,0,0.0,0,0,27
2025-07-17,SKU_01,1.22,0,0.0,0,0,24
2025-07-18,SKU_01,1.25,0,0.0,0,0,32
2025-07-19,SKU_01,1.19,0,0.0,1,0,37
2025-07-20,SKU_01,1.21,0,0.0,1,0,48
2025-07-21,SKU_01,1.18,0,0.0,0,0,45
2025-07-22,SKU_01,1.21,0,0.0,0,0,36
2025-07-23,SKU_01,1.2,0,0.0,0,0,29
2025-07-24,SKU_01,1.22,0,0.0,0,0,23
2025-07-25,SKU_01,1.14,0,0.0,0,0,31
2025-07-26,SKU_01,1.05,0,0.0,1,0,39
2025-07-27,SKU_01,1.06,0,0.0,1,0,44
2025-07-28,SKU_01,1.07,0,0.0,0,0,38
2025-07-29,SKU_01,1.06,0,0.0,0,0,36
2025-07-30,SKU_01,1.12,0,0.0,0,0,31
2025-07-31,SKU_01,1.15,0,0.0,0,0,28
2025-08-01,SKU_01,1.19,1,0.071,0,0,47
2025-08-02,SKU_01,1.22,0,0.0,1,0,31
2025-08-03,SKU_01,1.21,0,0.0,1,0,37
2025-08-04,SKU_01,1.14,0,0.0,0,0,37
2025-08-05,SKU_01,1.22,0,0.0,0,0,36
2025-08-06,SKU_01,1.22,0,0.0,0,0,29
2025-08-07,SKU_01,1.4,0,0.0,0,0,25
2025-08-08,SKU_01,1.24,0,0.0,0,0,27
2025-08-09,SKU_01,1.29,0,0.0,1,0,34
2025-08-10,SKU_01,1.35,0,0.0,1,0,38
2025-08-11,SKU_01,1.4,0,0.0,0,0,32
2025-08-12,SKU_01,1.35,0,0.0,0,0,29
2025-08-13,SKU_01,1.29,0,0.0,0,0,28
2025-08-14,SKU_01,1.28,0,0.0,0,0,20
2025-08-15,SKU_01,1.37,0,0.0,0,0,22
2025-08-16,SKU_01,1.31,0,0.0,1,0,34
2025-08-17,SKU_01,1.3,0,0.0,1,0,36
2025-08-18,SKU_01,1.42,0,0.0,0,0,33
2025-08-19,SKU_01,1.26,0,0.0,0,0,28
2025-08-20,SKU_01,1.2,0,0.0,0,0,28
2025-08-21,SKU_01,1.24,0,0.0,0,0,18
2025-08-22,SKU_01,1.22,0,0.0,0,0,25
2025-08-23,SKU_01,1.26,0,0.0,1,0,30
2025-08-24,SKU_01,1.17,0,0.0,1,0,30
2025-08-25,SKU_01,1.11,0,0.0,0,0,56
2025-08-26,SKU_01,1.14,0,0.0,0,0,36
2025-08-27,SKU_01,1.22,0,0.0,0,0,28
2025-08-28,SKU_01,1.15,0,0.0,0,0,22
2025-08-29,SKU_01,1.09,0,0.0,0,0,29
2025-08-30,SKU_01,1.07,0,0.0,1,0,32
2025-08-31,SKU_01,1.07,0,0.0,1,0,35
2025-09-01,SKU_01,1.17,0,0.0,0,0,31
2025-09-02,SKU_01,1.29,0,0.0,0,0,25
2025-09-03,SKU_01,1.33,0,0.0,0,0,25
2025-09-04,SKU_01,1.43,0,0.0,0,0,23
2025-09-05,SKU_01,1.49,0,0.0,0,0,23
2025-09-06,SKU_01,1.49,0,0.0,1,0,25
2025-09-07,SKU_01,1.42,0,0.0,1,0,32
2025-09-08,SKU_01,1.36,0,0.0,0,0,31
2025-09-09,SKU_01,1.19,0,0.0,0,0,30
2025-09-10,SKU_01,1.31,0,0.0,0,0,20
2025-09-11,SKU_01,1.39,0,0.0,0,0,19
2025-09-12,SKU_01,1.49,0,0.0,0,0,21
2025-09-13,SKU_01,1.67,0,0.0,1,0,25
2025-09-14,SKU_01,1.63,0,0.0,1,0,30
2025-09-15,SKU_01,1.58,0,0.0,0,0,24
2025-09-16,SKU_01,1.57,0,0.0,0,0,20
2025-09-17,SKU_01,1.7,0,0.0,0,0,16
2025-09-18,SKU_01,1.89,0,0.0,0,0,13
2025-09-19,SKU_01,1.81,0,0.0,0,0,24
2025-09-20,SKU_01,1.85,0,0.0,1,0,23
2025-09-21,SKU_01,1.88,1,0.203,1,0,42
2025-09-22,SKU_01,2.26,0,0.0,0,0,22
2025-09-23,SKU_01,2.12,0,0.0,0,0,21
2025-09-24,SKU_01,1.87,0,0.0,0,0,20
2025-09-25,SKU_01,1.94,0,0.0,0,0,15
2025-09-26,SKU_01,1.91,0,0.0,0,0,15
2025-09-27,SKU_01,1.84,0,0.0,1,0,23
2025-09-28,SKU_01,1.9,0,0.0,1,0,20
2025-09-29,SKU_01,1.78,0,0.0,0,0,21
2025-09-30,SKU_01,2.0,0,0.0,0,0,17
2025-10-01,SKU_01,1.72,0,0.0,0,0,16
2025-10-02,SKU_01,1.8,0,0.0,0,0,20
2025-10-03,SKU_01,1.9,0,0.0,0,0,15
2025-10-04,SKU_01,1.74,0,0.0,1,0,20
2025-10-05,SKU_01,1.82,0,0.0,1,0,18
2025-10-06,SKU_01,2.01,0,0.0,0,0,18
2025-10-07,SKU_01,1.86,0,0.0,0,0,16
2025-10-08,SKU_01,1.7,0,0.0,0,0,20
2025-10-09,SKU_01,1.69,0,0.0,0,0,14
2025-10-10,SKU_01,1.5,0,0.0,0,0,14
2025-10-11,SKU_01,1.49,0,0.0,1,0,23
2025-10-12,SKU_01,1.62,0,0.0,1,0,21
2025-10-13,SKU_01,1.51,0,0.0,0,0,21
2025-10-14,SKU_01,1.37,0,0.0,0,0,21
2025-10-15,SKU_01,1.54,0,0.0,0,0,11
2025-10-16,SKU_01,1.44,0,0.0,0,0,11
2025-10-17,SKU_01,1.45,0,0.0,0,0,2
2025-10-18,SKU_01,1.38,0,0.0,1,0,23
2025-10-19,SKU_01,1.6,0,0.0,1,0,23
2025-10-20,SKU_01,1.64,0,0.0,0,0,23
2025-10-21,SKU_01,1.7,0,0.0,0,0,15
2025-10-22,SKU_01,1.73,0,0.0,0,0,12
2025-10-23,SKU_01,1.79,0,0.0,0,0,14
2025-10-24,SKU_01,1.81,0,0.0,0,0,14
2025-10-25,SKU_01,1.74,0,0.0,1,0,18
2025-10-26,SKU_01,1.94,0,0.0,1,0,21
2025-10-27,SKU_01,1.76,0,0.0,0,0,17
2025-10-28,SKU_01,1.59,0,0.0,0,0,15
2025-10-29,SKU_01,1.76,0,0.0,0,0,15
2025-10-30,SKU_01,1.73,0,0.0,0,0,12
2025-10-31,SKU_01,1.84,0,0.0,0,0,8
2025-11-01,SKU_01,1.71,0,0.0,1,0,21
2025-11-02,SKU_01,1.58,0,0.0,1,0,25
2025-11-03,SKU_01,1.67,0,0.0,0,0,18
2025-11-04,SKU_01,1.71,0,0.0,0,0,18
2025-11-05,SKU_01,1.83,0,0.0,0,0,14
2025-11-06,SKU_01,1.83,0,0.0,0,0,12
2025-11-07,SKU_01,1.73,0,0.0,0,0,14
2025-11-08,SKU_01,1.94,0,0.0,1,0,19
2025-11-09,SKU_01,1.78,0,0.0,1,0,17
2025-11-10,SKU_01,1.81,0,0.0,0,0,8
2025-11-11,SKU_01,1.83,0,0.0,0,0,16
2025-11-12,SKU_01,1.82,0,0.0,0,0,13
2025-11-13,SKU_01,1.87,0,0.0,0,0,4
2025-11-14,SKU_01,1.82,0,0.0,0,0,13
2025-11-15,SKU_01,1.97,0,0.0,1,0,20
2025-11-16,SKU_01,1.75,0,0.0,1,0,23
2025-11-17,SKU_01,1.78,0,0.0,0,0,19
2025-11-18,SKU_01,1.88,0,0.0,0,0,20
2025-11-19,SKU_01,1.97,0,0.0,0,0,11
2025-11-20,SKU_01,1.99,0,0.0,0,0,9
2025-11-21,SKU_01,2.01,0,0.0,0,0,10
2025-11-22,SKU_01,2.23,0,0.0,1,0,17
2025-11-23,SKU_01,2.06,0,0.0,1,0,22
2025-11-24,SKU_01,2.12,0,0.0,0,0,12
2025-11-25,SKU_01,1.87,0,0.0,0,0,15
2025-11-26,SKU_01,1.72,0,0.0,0,0,10
2025-11-27,SKU_01,1.9,0,0.0,0,0,10
2025-11-28,SKU_01,1.79,0,0.0,0,0,11
2025-11-29,SKU_01,1.68,0,0.0,1,0,16
2025-11-30,SKU_01,1.67,0,0.0,1,0,19
2025-12-01,SKU_01,1.63,0,0.0,0,0,19
2025-12-02,SKU_01,1.77,0,0.0,0,0,6
2025-12-03,SKU_01,1.72,0,0.0,0,0,15
2025-12-04,SKU_01,1.76,0,0.0,0,0,15
2025-12-05,SKU_01,1.78,0,0.0,0,0,10
2025-12-06,SKU_01,1.63,0,0.0,1,0,19
2025-12-07,SKU_01,1.66,0,0.0,1,0,18
2025-12-08,SKU_01,1.74,0,0.0,0,0,18
2025-12-09,SKU_01,1.68,0,0.0,0,0,16
2025-12-10,SKU_01,1.73,0,0.0,0,0,13
2025-12-11,SKU_01,1.66,0,0.0,0,0,15
2025-12-12,SKU_01,1.76,0,0.0,0,0,3
2025-12-13,SKU_01,1.65,0,0.0,1,0,19
2025-12-14,SKU_01,1.62,0,0.0,1,0,17
2025-12-15,SKU_01,1.59,0,0.0,0,0,16
2025-12-16,SKU_01,1.51,0,0.0,0,0,14
2025-12-17,SKU_01,1.49,0,0.0,0,0,13
2025-12-18,SKU_01,1.57,0,0.0,0,0,13
2025-12-19,SKU_01,1.59,0,0.0,0,0,10
2025-12-20,SKU_01,1.61,0,0.0,1,0,16
2025-12-21,SKU_01,1.91,0,0.0,1,0,17
2025-12-22,SKU_01,1.79,0,0.0,0,0,16
2025-12-23,SKU_01,1.48,0,0.0,0,0,16
2025-12-24,SKU_01,1.4,0,0.0,0,0,11
2025-12-25,SKU_01,1.51,0,0.0,0,0,6
2025-12-26,SKU_01,1.38,0,0.0,0,0,7
2025-12-27,SKU_01,1.1,0,0.0,1,0,15
2025-12-28,SKU_01,1.12,0,0.0,1,0,18
2025-12-29,SKU_01,1.12,0,0.0,0,0,16
2025-12-30,SKU_01,1.03,0,0.0,0,0,16
2025-12-31,SKU_01,1.03,0,0.0,0,0,14
2026-01-01,SKU_01,0.87,0,0.0,0,1,11
2026-01-02,SKU_01,0.84,0,0.0,0,0,17
2026-01-03,SKU_01,0.81,0,0.0,1,0,14
2026-01-04,SKU_01,0.74,0,0.0,1,0,17
2026-01-05,SKU_01,0.7,0,0.0,0,0,22
2026-01-06,SKU_01,0.71,0,0.0,0,0,18
2026-01-07,SKU_01,0.75,0,0.0,0,1,18
2026-01-08,SKU_01,0.74,0,0.0,0,0,13
2026-01-09,SKU_01,0.79,0,0.0,0,0,14
2026-01-10,SKU_01,0.71,0,0.0,1,0,18
2026-01-11,SKU_01,0.71,0,0.0,1,0,22
2026-01-12,SKU_01,0.66,0,0.0,0,0,18
2026-01-13,SKU_01,0.64,0,0.0,0,0,16
2026-01-14,SKU_01,0.62,0,0.0,0,0,17
2026-01-15,SKU_01,0.6,0,0.0,0,0,18
2026-01-16,SKU_01,0.62,0,0.0,0,0,14
2026-01-17,SKU_01,0.62,0,0.0,1,0,20
2026-01-18,SKU_01,0.54,0,0.0,1,0,31
2026-01-19,SKU_01,0.58,0,0.0,0,0,22
2026-01-20,SKU_01,0.55,0,0.0,0,0,23
2026-01-21,SKU_01,0.55,0,0.0,0,0,19
2026-01-22,SKU_01,0.54,0,0.0,0,0,11
2026-01-23,SKU_01,0.58,0,0.0,0,0,20
2026-01-24,SKU_01,0.61,0,0.0,1,0,20
2026-01-25,SKU_01,0.58,0,0.0,1,0,21
2026-01-26,SKU_01,0.6,0,0.0,0,0,22
2026-01-27,SKU_01,0.67,0,0.0,0,0,21
2026-01-28,SKU_01,0.72,0,0.0,0,0,18
2026-01-29,SKU_01,0.82,0,0.0,0,0,10
2026-01-30,SKU_01,0.78,0,0.0,0,0,13
2026-01-31,SKU_01,0.79,0,0.0,1,0,21
2026-02-01,SKU_01,0.78,0,0.0,1,0,20
2026-02-02,SKU_01,0.75,0,0.0,0,0,18
2026-02-03,SKU_01,0.78,0,0.0,0,0,14
2026-02-04,SKU_01,0.8,0,0.0,0,0,17
2026-02-05,SKU_01,0.71,0,0.0,0,0,15
2026-02-06,SKU_01,0.77,0,0.0,0,0,12
2026-02-07,SKU_01,0.75,0,0.0,1,0,21
2026-02-08,SKU_01,0.67,0,0.0,1,0,24
2026-02-09,SKU_01,0.71,0,0.0,0,0,21
2026-02-10,SKU_01,0.72,0,0.0,0,0,15
2026-02-11,SKU_01,0.77,0,0.0,0,0,12
2026-02-12,SKU_01,0.75,0,0.0,0,0,16
2026-02-13,SKU_01,0.65,0,0.0,0,0,16
2026-02-14,SKU_01,0.7,0,0.0,1,0,16
2026-02-15,SKU_01,0.65,0,0.0,1,0,18
2026-02-16,SKU_01,0.56,0,0.0,0,0,20
2026-02-17,SKU_01,0.55,0,0.0,0,0,23
2026-02-18,SKU_01,0.53,1,0.208,0,0,30
2026-02-19,SKU_01,0.5,0,0.0,0,0,14
2026-02-20,SKU_01,0.51,0,0.0,0,0,21
2026-02-21,SKU_01,0.5,0,0.0,1,0,27
2026-02-22,SKU_01,0.5,0,0.0,1,0,23
2026-02-23,SKU_01,0.5,0,0.0,0,1,31
2026-02-24,SKU_01,0.54,0,0.0,0,0,26
2026-02-25,SKU_01,0.55,0,0.0,0,0,18
2026-02-26,SKU_01,0.54,0,0.0,0,0,12
2026-02-27,SKU_01,0.51,0,0.0,0,0,18
2026-02-28,SKU_01,0.5,0,0.0,1,0,25
2026-03-01,SKU_01,0.5,0,0.0,1,0,30
2026-03-02,SKU_01,0.52,0,0.0,0,0,25
2026-03-03,SKU_01,0.53,0,0.0,0,0,19
2026-03-04,SKU_01,0.58,0,0.0,0,0,17
2026-03-05,SKU_01,0.54,0,0.0,0,0,13
2026-03-06,SKU_01,0.53,0,0.0,0,0,19
2026-03-07,SKU_01,0.52,0,0.0,1,0,18
2026-03-08,SKU_01,0.53,0,0.0,1,1,26
2026-03-09,SKU_01,0.58,0,0.0,0,0,25
2026-03-10,SKU_01,0.55,0,0.0,0,0,14
2026-03-11,SKU_01,0.55,0,0.0,0,0,14
2026-03-12,SKU_01,0.52,0,0.0,0,0,22
2026-03-13,SKU_01,0.55,0,0.0,0,0,23
2026-03-14,SKU_01,0.54,0,0.0,1,0,21
2026-03-15,SKU_01,0.52,0,0.0,1,0,26
2026-03-16,SKU_01,0.5,0,0.0,0,0,26
2026-03-17,SKU_01,0.5,0,0.0,0,0,22
2026-03-18,SKU_01,0.52,0,0.0,0,0,13
2026-03-19,SKU_01,0.5,0,0.0,0,0,13
2026-03-20,SKU_01,0.5,0,0.0,0,0,15
2026-03-21,SKU_01,0.5,0,0.0,1,0,21
2026-03-22,SKU_01,0.5,0,0.0,1,0,29
2026-03-23,SKU_01,0.53,0,0.0,0,0,27
2026-03-24,SKU_01,0.54,0,0.0,0,0,19
2026-03-25,SKU_01,0.56,0,0.0,0,0,15
2026-03-26,SKU_01,0.63,0,0.0,0,0,15
2026-03-27,SKU_01,0.6,0,0.0,0,0,19
2026-03-28,SKU_01,0.63,0,0.0,1,0,20
2026-03-29,SKU_01,0.68,0,0.0,1,0,27
2026-03-30,SKU_01,0.75,0,0.0,0,0,22
2026-03-31,SKU_01,0.69,0,0.0,0,0,21
2026-04-01,SKU_01,0.71,0,0.0,0,0,10
2026-04-02,SKU_01,0.62,0,0.0,0,0,17
2026-04-03,SKU_01,0.59,0,0.0,0,0,17
2026-04-04,SKU_01,0.58,0,0.0,1,0,23
2026-04-05,SKU_01,0.54,0,0.0,1,0,21
2026-04-06,SKU_01,0.51,0,0.0,0,0,20
2026-04-07,SKU_01,0.52,0,0.0,0,0,18
2026-04-08,SKU_01,0.52,0,0.0,0,0,14
2026-04-09,SKU_01,0.55,0,0.0,0,0,15
2026-04-10,SKU_01,0.54,0,0.0,0,0,14
2026-04-11,SKU_01,0.56,0,0.0,1,0,24
2026-04-12,SKU_01,0.61,0,0.0,1,0,18
2026-04-13,SKU_01,0.58,0,0.0,0,0,37
2026-04-14,SKU_01,0.6,0,0.0,0,0,20
2026-04-15,SKU_01,0.67,0,0.0,0,0,17
2026-04-16,SKU_01,0.68,0,0.0,0,0,13
2026-04-17,SKU_01,0.59,0,0.0,0,0,20
2026-04-18,SKU_01,0.61,0,0.0,1,0,23
2026-04-19,SKU_01,0.58,1,0.155,1,0,38
2026-04-20,SKU_01,0.58,0,0.0,0,0,20
2026-04-21,SKU_01,0.59,0,0.0,0,0,19
2026-04-22,SKU_01,0.65,0,0.0,0,0,13
2026-04-23,SKU_01,0.66,0,0.0,0,0,17
2026-04-24,SKU_01,0.64,0,0.0,0,0,13
2026-04-25,SKU_01,0.62,0,0.0,1,0,16
2026-04-26,SKU_01,0.61,0,0.0,1,0,18
2026-04-27,SKU_01,0.54,0,0.0,0,0,23
2026-04-28,SKU_01,0.58,0,0.0,0,0,20
2026-04-29,SKU_01,0.53,0,0.0,0,0,11
2026-04-30,SKU_01,0.53,0,0.0,0,0,17
2026-05-01,SKU_01,0.51,0,0.0,0,1,21
2026-05-02,SKU_01,0.55,0,0.0,1,1,21
2026-05-03,SKU_01,0.54,0,0.0,1,0,20
2026-05-04,SKU_01,0.54,0,0.0,0,0,22
2026-05-05,SKU_01,0.51,0,0.0,0,0,17
2026-05-06,SKU_01,0.5,0,0.0,0,0,11
2026-05-07,SKU_01,0.53,0,0.0,0,0,9
2026-05-08,SKU_01,0.53,0,0.0,0,0,13
2026-05-09,SKU_01,0.59,0,0.0,1,1,18
2026-05-10,SKU_01,0.64,0,0.0,1,0,20
2026-05-11,SKU_01,0.59,0,0.0,0,0,22
2026-05-12,SKU_01,0.65,0,0.0,0,0,15
2026-05-13,SKU_01,0.67,0,0.0,0,0,11
2026-05-14,SKU_01,0.7,0,0.0,0,0,10
2026-05-15,SKU_01,0.7,0,0.0,0,0,19
2026-05-16,SKU_01,0.66,0,0.0,1,0,11
2026-05-17,SKU_01,0.66,0,0.0,1,0,18
2023-05-14,SKU_02,20.69,0,0.0,1,0,73
2023-05-15,SKU_02,20.76,0,0.0,0,0,76
2023-05-16,SKU_02,21.17,0,0.0,0,0,81
2023-05-17,SKU_02,19.65,0,0.0,0,0,65
2023-05-18,SKU_02,20.96,0,0.0,0,0,65
2023-05-19,SKU_02,20.17,0,0.0,0,0,70
2023-05-20,SKU_02,20.37,0,0.0,1,0,85
2023-05-21,SKU_02,20.33,0,0.0,1,0,76
2023-05-22,SKU_02,18.24,0,0.0,0,0,84
2023-05-23,SKU_02,18.75,0,0.0,0,0,90
2023-05-24,SKU_02,19.61,0,0.0,0,0,66
2023-05-25,SKU_02,20.12,0,0.0,0,0,65
2023-05-26,SKU_02,20.59,0,0.0,0,0,72
2023-05-27,SKU_02,22.97,0,0.0,1,0,84
2023-05-28,SKU_02,24.41,0,0.0,1,0,89
2023-05-29,SKU_02,24.02,0,0.0,0,0,76
2023-05-30,SKU_02,24.47,0,0.0,0,0,75
2023-05-31,SKU_02,25.03,0,0.0,0,0,66
2023-06-01,SKU_02,24.37,0,0.0,0,0,62
2023-06-02,SKU_02,24.57,0,0.0,0,0,70
2023-06-03,SKU_02,24.35,0,0.0,1,0,96
2023-06-04,SKU_02,25.88,0,0.0,1,0,73
2023-06-05,SKU_02,25.62,0,0.0,0,0,87
2023-06-06,SKU_02,24.79,0,0.0,0,0,72
2023-06-07,SKU_02,24.67,0,0.0,0,0,89
2023-06-08,SKU_02,24.88,0,0.0,0,0,74
2023-06-09,SKU_02,25.35,0,0.0,0,0,76
2023-06-10,SKU_02,27.62,0,0.0,1,0,90
2023-06-11,SKU_02,27.6,0,0.0,1,0,89
2023-06-12,SKU_02,28.36,0,0.0,0,0,95
2023-06-13,SKU_02,29.85,0,0.0,0,0,61
2023-06-14,SKU_02,29.91,0,0.0,0,0,72
2023-06-15,SKU_02,29.15,0,0.0,0,0,64
2023-06-16,SKU_02,29.38,0,0.0,0,0,73
2023-06-17,SKU_02,30.75,0,0.0,1,0,78
2023-06-18,SKU_02,31.5,0,0.0,1,0,84
2023-06-19,SKU_02,31.02,0,0.0,0,0,84
2023-06-20,SKU_02,32.24,0,0.0,0,0,69
2023-06-21,SKU_02,30.75,0,0.0,0,0,75
2023-06-22,SKU_02,29.47,0,0.0,0,0,80
2023-06-23,SKU_02,30.37,0,0.0,0,0,68
2023-06-24,SKU_02,27.76,0,0.0,1,0,92
2023-06-25,SKU_02,26.47,0,0.0,1,0,99
2023-06-26,SKU_02,25.49,0,0.0,0,0,115
2023-06-27,SKU_02,23.7,0,0.0,0,0,99
2023-06-28,SKU_02,24.22,0,0.0,0,0,108
2023-06-29,SKU_02,24.39,0,0.0,0,0,86
2023-06-30,SKU_02,22.87,0,0.0,0,0,86
2023-07-01,SKU_02,22.51,0,0.0,1,0,90
2023-07-02,SKU_02,23.7,0,0.0,1,0,113
2023-07-03,SKU_02,24.28,0,0.0,0,0,95
2023-07-04,SKU_02,24.13,0,0.0,0,0,105
2023-07-05,SKU_02,23.15,0,0.0,0,0,90
2023-07-06,SKU_02,19.47,0,0.0,0,0,104
2023-07-07,SKU_02,19.16,0,0.0,0,0,96
2023-07-08,SKU_02,19.29,0,0.0,1,0,127
2023-07-09,SKU_02,21.57,0,0.0,1,0,129
2023-07-10,SKU_02,20.97,0,0.0,0,0,108
2023-07-11,SKU_02,20.91,0,0.0,0,0,100
2023-07-12,SKU_02,22.25,0,0.0,0,0,103
2023-07-13,SKU_02,21.22,0,0.0,0,0,92
2023-07-14,SKU_02,20.46,0,0.0,0,0,107
2023-07-15,SKU_02,21.52,0,0.0,1,0,118
2023-07-16,SKU_02,20.96,0,0.0,1,0,131
2023-07-17,SKU_02,21.82,0,0.0,0,0,115
2023-07-18,SKU_02,22.27,0,0.0,0,0,111
2023-07-19,SKU_02,22.06,0,0.0,0,0,121
2023-07-20,SKU_02,21.65,0,0.0,0,0,97
2023-07-21,SKU_02,20.84,0,0.0,0,0,100
2023-07-22,SKU_02,20.8,0,0.0,1,0,128
2023-07-23,SKU_02,21.27,0,0.0,1,0,146
2023-07-24,SKU_02,21.83,0,0.0,0,0,130
2023-07-25,SKU_02,20.35,0,0.0,0,0,120
2023-07-26,SKU_02,21.43,0,0.0,0,0,98
2023-07-27,SKU_02,21.91,0,0.0,0,0,111
2023-07-28,SKU_02,22.38,0,0.0,0,0,111
2023-07-29,SKU_02,22.41,0,0.0,1,0,127
2023-07-30,SKU_02,23.74,0,0.0,1,0,136
2023-07-31,SKU_02,23.68,0,0.0,0,0,145
2023-08-01,SKU_02,24.67,0,0.0,0,0,136
2023-08-02,SKU_02,26.03,0,0.0,0,0,120
2023-08-03,SKU_02,26.56,0,0.0,0,0,194
2023-08-04,SKU_02,26.36,0,0.0,0,0,110
2023-08-05,SKU_02,25.29,0,0.0,1,0,136
2023-08-06,SKU_02,25.97,0,0.0,1,0,140
2023-08-07,SKU_02,26.14,0,0.0,0,0,146
2023-08-08,SKU_02,29.44,0,0.0,0,0,117
2023-08-09,SKU_02,30.67,0,0.0,0,0,99
2023-08-10,SKU_02,30.32,0,0.0,0,0,90
2023-08-11,SKU_02,31.4,0,0.0,0,0,96
2023-08-12,SKU_02,32.37,0,0.0,1,0,137
2023-08-13,SKU_02,31.03,0,0.0,1,0,144
2023-08-14,SKU_02,28.41,0,0.0,0,0,127
2023-08-15,SKU_02,29.45,0,0.0,0,0,113
2023-08-16,SKU_02,31.64,0,0.0,0,0,103
2023-08-17,SKU_02,31.51,0,0.0,0,0,105
2023-08-18,SKU_02,31.22,0,0.0,0,0,0
2023-08-19,SKU_02,30.41,0,0.0,1,0,138
2023-08-20,SKU_02,31.41,0,0.0,1,0,141
2023-08-21,SKU_02,31.68,0,0.0,0,0,138
2023-08-22,SKU_02,31.21,0,0.0,0,0,142
2023-08-23,SKU_02,31.51,0,0.0,0,0,123
2023-08-24,SKU_02,32.4,0,0.0,0,0,96
2023-08-25,SKU_02,32.11,0,0.0,0,0,126
2023-08-26,SKU_02,32.18,0,0.0,1,0,131
2023-08-27,SKU_02,33.78,0,0.0,1,0,147
2023-08-28,SKU_02,34.75,0,0.0,0,0,133
2023-08-29,SKU_02,36.13,0,0.0,0,0,140
2023-08-30,SKU_02,36.79,0,0.0,0,0,119
2023-08-31,SKU_02,35.4,0,0.0,0,0,98
2023-09-01,SKU_02,33.19,0,0.0,0,0,119
2023-09-02,SKU_02,34.47,0,0.0,1,0,137
2023-09-03,SKU_02,37.67,0,0.0,1,0,154
2023-09-04,SKU_02,36.72,0,0.0,0,0,137
2023-09-05,SKU_02,35.23,0,0.0,0,0,139
2023-09-06,SKU_02,37.93,0,0.0,0,0,109
2023-09-07,SKU_02,36.23,0,0.0,0,0,116
2023-09-08,SKU_02,36.36,0,0.0,0,0,142
2023-09-09,SKU_02,33.91,0,0.0,1,0,145
2023-09-10,SKU_02,32.21,0,0.0,1,0,179
2023-09-11,SKU_02,31.18,0,0.0,0,0,152
2023-09-12,SKU_02,31.86,0,0.0,0,0,154
2023-09-13,SKU_02,31.79,0,0.0,0,0,146
2023-09-14,SKU_02,32.25,0,0.0,0,0,134
2023-09-15,SKU_02,31.16,0,0.0,0,0,131
2023-09-16,SKU_02,31.8,0,0.0,1,0,160
2023-09-17,SKU_02,31.15,0,0.0,1,0,170
2023-09-18,SKU_02,30.74,0,0.0,0,0,174
2023-09-19,SKU_02,30.44,0,0.0,0,0,141
2023-09-20,SKU_02,31.48,0,0.0,0,0,136
2023-09-21,SKU_02,33.6,0,0.0,0,0,126
2023-09-22,SKU_02,35.1,0,0.0,0,0,119
2023-09-23,SKU_02,37.2,0,0.0,1,0,154
2023-09-24,SKU_02,35.16,0,0.0,1,0,157
2023-09-25,SKU_02,34.57,0,0.0,0,0,157
2023-09-26,SKU_02,34.69,0,0.0,0,0,157
2023-09-27,SKU_02,30.38,0,0.0,0,0,127
2023-09-28,SKU_02,29.94,0,0.0,0,0,129
2023-09-29,SKU_02,29.98,0,0.0,0,0,156
2023-09-30,SKU_02,27.27,0,0.0,1,0,187
2023-10-01,SKU_02,27.35,0,0.0,1,0,200
2023-10-02,SKU_02,25.66,0,0.0,0,0,182
2023-10-03,SKU_02,25.5,0,0.0,0,0,166
2023-10-04,SKU_02,24.61,0,0.0,0,0,160
2023-10-05,SKU_02,24.39,0,0.0,0,0,143
2023-10-06,SKU_02,25.55,0,0.0,0,0,157
2023-10-07,SKU_02,27.0,0,0.0,1,0,189
2023-10-08,SKU_02,26.99,0,0.0,1,0,212
2023-10-09,SKU_02,26.59,0,0.0,0,0,186
2023-10-10,SKU_02,26.55,0,0.0,0,0,176
2023-10-11,SKU_02,27.62,0,0.0,0,0,154
2023-10-12,SKU_02,27.4,0,0.0,0,0,157
2023-10-13,SKU_02,27.36,0,0.0,0,0,173
2023-10-14,SKU_02,26.27,0,0.0,1,0,196
2023-10-15,SKU_02,27.15,0,0.0,1,0,212
2023-10-16,SKU_02,25.68,0,0.0,0,0,190
2023-10-17,SKU_02,26.25,0,0.0,0,0,171
2023-10-18,SKU_02,26.78,0,0.0,0,0,165
2023-10-19,SKU_02,24.25,0,0.0,0,0,157
2023-10-20,SKU_02,25.09,0,0.0,0,0,175
2023-10-21,SKU_02,28.09,0,0.0,1,0,187
2023-10-22,SKU_02,29.71,0,0.0,1,0,197
2023-10-23,SKU_02,31.77,0,0.0,0,0,169
2023-10-24,SKU_02,29.91,0,0.0,0,0,190
2023-10-25,SKU_02,28.91,0,0.0,0,0,178
2023-10-26,SKU_02,26.54,0,0.0,0,0,160
2023-10-27,SKU_02,28.05,0,0.0,0,0,182
2023-10-28,SKU_02,30.6,0,0.0,1,0,203
2023-10-29,SKU_02,28.64,0,0.0,1,0,210
2023-10-30,SKU_02,32.06,0,0.0,0,0,189
2023-10-31,SKU_02,34.22,0,0.0,0,0,157
2023-11-01,SKU_02,31.29,0,0.0,0,0,159
2023-11-02,SKU_02,30.93,0,0.0,0,0,141
2023-11-03,SKU_02,32.65,0,0.0,0,0,161
2023-11-04,SKU_02,33.23,0,0.0,1,0,205
2023-11-05,SKU_02,32.94,0,0.0,1,0,193
2023-11-06,SKU_02,34.59,0,0.0,0,0,185
2023-11-07,SKU_02,33.74,0,0.0,0,0,166
2023-11-08,SKU_02,36.28,0,0.0,0,0,153
2023-11-09,SKU_02,35.16,0,0.0,0,0,147
2023-11-10,SKU_02,35.07,0,0.0,0,0,148
2023-11-11,SKU_02,35.9,0,0.0,1,0,184
2023-11-12,SKU_02,36.61,0,0.0,1,0,195
2023-11-13,SKU_02,39.87,0,0.0,0,0,168
2023-11-14,SKU_02,41.21,0,0.0,0,0,152
2023-11-15,SKU_02,40.87,0,0.0,0,0,137
2023-11-16,SKU_02,39.63,0,0.0,0,0,131
2023-11-17,SKU_02,39.05,0,0.0,0,0,152
2023-11-18,SKU_02,42.49,0,0.0,1,0,390
2023-11-19,SKU_02,42.39,0,0.0,1,0,196
2023-11-20,SKU_02,41.88,0,0.0,0,0,188
2023-11-21,SKU_02,42.54,0,0.0,0,0,169
2023-11-22,SKU_02,45.35,0,0.0,0,0,141
2023-11-23,SKU_02,45.42,0,0.0,0,0,130
2023-11-24,SKU_02,48.52,0,0.0,0,0,145
2023-11-25,SKU_02,48.47,0,0.0,1,0,168
2023-11-26,SKU_02,50.51,0,0.0,1,0,181
2023-11-27,SKU_02,50.7,0,0.0,0,0,186
2023-11-28,SKU_02,54.14,0,0.0,0,0,141
2023-11-29,SKU_02,49.75,0,0.0,0,0,133
2023-11-30,SKU_02,49.18,0,0.0,0,0,144
2023-12-01,SKU_02,50.7,0,0.0,0,0,134
2023-12-02,SKU_02,48.88,0,0.0,1,0,170
2023-12-03,SKU_02,49.15,0,0.0,1,0,180
2023-12-04,SKU_02,54.26,0,0.0,0,0,166
2023-12-05,SKU_02,54.67,0,0.0,0,0,143
2023-12-06,SKU_02,55.68,0,0.0,0,0,131
2023-12-07,SKU_02,50.68,0,0.0,0,0,131
2023-12-08,SKU_02,51.2,0,0.0,0,0,144
2023-12-09,SKU_02,51.7,0,0.0,1,0,177
2023-12-10,SKU_02,46.05,0,0.0,1,0,193
2023-12-11,SKU_02,42.93,0,0.0,0,0,170
2023-12-12,SKU_02,42.3,0,0.0,0,0,170
2023-12-13,SKU_02,41.44,0,0.0,0,0,121
2023-12-14,SKU_02,39.59,0,0.0,0,0,137
2023-12-15,SKU_02,38.38,0,0.0,0,0,149
2023-12-16,SKU_02,38.08,0,0.0,1,0,180
2023-12-17,SKU_02,40.32,0,0.0,1,0,183
2023-12-18,SKU_02,37.99,0,0.0,0,0,168
2023-12-19,SKU_02,37.18,1,0.08,0,0,209
2023-12-20,SKU_02,36.4,0,0.0,0,0,147
2023-12-21,SKU_02,37.84,0,0.0,0,0,142
2023-12-22,SKU_02,40.87,0,0.0,0,0,143
2023-12-23,SKU_02,40.42,0,0.0,1,0,185
2023-12-24,SKU_02,39.84,0,0.0,1,0,173
2023-12-25,SKU_02,39.57,0,0.0,0,0,152
2023-12-26,SKU_02,37.58,0,0.0,0,0,169
2023-12-27,SKU_02,37.72,0,0.0,0,0,145
2023-12-28,SKU_02,35.8,0,0.0,0,0,134
2023-12-29,SKU_02,35.61,0,0.0,0,0,147
2023-12-30,SKU_02,36.18,0,0.0,1,0,182
2023-12-31,SKU_02,35.87,0,0.0,1,0,195
2024-01-01,SKU_02,36.79,0,0.0,0,1,204
2024-01-02,SKU_02,36.83,0,0.0,0,0,148
2024-01-03,SKU_02,38.23,0,0.0,0,0,147
2024-01-04,SKU_02,40.68,0,0.0,0,0,116
2024-01-05,SKU_02,44.41,0,0.0,0,0,132
2024-01-06,SKU_02,43.87,0,0.0,1,0,159
2024-01-07,SKU_02,43.51,0,0.0,1,1,224
2024-01-08,SKU_02,42.21,0,0.0,0,0,168
2024-01-09,SKU_02,45.7,0,0.0,0,0,144
2024-01-10,SKU_02,45.13,0,0.0,0,0,145
2024-01-11,SKU_02,48.96,0,0.0,0,0,126
2024-01-12,SKU_02,47.82,0,0.0,0,0,129
2024-01-13,SKU_02,49.94,0,0.0,1,0,169
2024-01-14,SKU_02,47.57,0,0.0,1,0,171
2024-01-15,SKU_02,50.9,0,0.0,0,0,143
2024-01-16,SKU_02,48.54,0,0.0,0,0,125
2024-01-17,SKU_02,48.44,0,0.0,0,0,114
2024-01-18,SKU_02,49.48,0,0.0,0,0,133
2024-01-19,SKU_02,45.49,0,0.0,0,0,120
2024-01-20,SKU_02,46.76,0,0.0,1,0,151
2024-01-21,SKU_02,44.57,0,0.0,1,0,176
2024-01-22,SKU_02,45.66,0,0.0,0,0,151
2024-01-23,SKU_02,44.88,0,0.0,0,0,146
2024-01-24,SKU_02,44.74,0,0.0,0,0,141
2024-01-25,SKU_02,47.97,0,0.0,0,0,127
2024-01-26,SKU_02,47.18,0,0.0,0,0,141
2024-01-27,SKU_02,44.1,0,0.0,1,0,153
2024-01-28,SKU_02,41.7,0,0.0,1,0,153
2024-01-29,SKU_02,44.73,0,0.0,0,0,161
2024-01-30,SKU_02,43.96,0,0.0,0,0,126
2024-01-31,SKU_02,42.69,0,0.0,0,0,119
2024-02-01,SKU_02,42.82,0,0.0,0,0,104
2024-02-02,SKU_02,45.85,0,0.0,0,0,129
2024-02-03,SKU_02,47.28,0,0.0,1,0,153
2024-02-04,SKU_02,46.42,0,0.0,1,0,144
2024-02-05,SKU_02,46.96,1,0.067,0,0,184
2024-02-06,SKU_02,46.68,0,0.0,0,0,134
2024-02-07,SKU_02,49.23,0,0.0,0,0,104
2024-02-08,SKU_02,48.69,0,0.0,0,0,112
2024-02-09,SKU_02,48.72,0,0.0,0,0,117
2024-02-10,SKU_02,52.75,0,0.0,1,0,134
2024-02-11,SKU_02,54.3,0,0.0,1,0,151
2024-02-12,SKU_02,57.41,0,0.0,0,0,128
2024-02-13,SKU_02,53.96,0,0.0,0,0,202
2024-02-14,SKU_02,55.16,0,0.0,0,0,109
2024-02-15,SKU_02,54.41,0,0.0,0,0,107
2024-02-16,SKU_02,50.76,0,0.0,0,0,111
2024-02-17,SKU_02,50.43,0,0.0,1,0,131
2024-02-18,SKU_02,50.44,0,0.0,1,0,147
2024-02-19,SKU_02,49.55,0,0.0,0,0,122
2024-02-20,SKU_02,49.46,0,0.0,0,0,110
2024-02-21,SKU_02,51.63,0,0.0,0,0,104
2024-02-22,SKU_02,48.74,0,0.0,0,0,114
2024-02-23,SKU_02,47.07,0,0.0,0,1,126
2024-02-24,SKU_02,47.16,0,0.0,1,0,129
2024-02-25,SKU_02,48.66,0,0.0,1,0,135
2024-02-26,SKU_02,47.72,0,0.0,0,0,117
2024-02-27,SKU_02,47.27,0,0.0,0,0,109
2024-02-28,SKU_02,46.77,0,0.0,0,0,114
2024-02-29,SKU_02,47.02,0,0.0,0,0,94
2024-03-01,SKU_02,45.82,0,0.0,0,0,93
2024-03-02,SKU_02,44.62,0,0.0,1,0,293
2024-03-03,SKU_02,47.49,0,0.0,1,0,142
2024-03-04,SKU_02,49.06,0,0.0,0,0,129
2024-03-05,SKU_02,47.41,0,0.0,0,0,114
2024-03-06,SKU_02,48.42,0,0.0,0,0,93
2024-03-07,SKU_02,53.83,0,0.0,0,0,83
2024-03-08,SKU_02,53.1,0,0.0,0,1,126
2024-03-09,SKU_02,57.98,0,0.0,1,0,114
2024-03-10,SKU_02,54.68,0,0.0,1,0,131
2024-03-11,SKU_02,52.99,0,0.0,0,0,115
2024-03-12,SKU_02,53.07,0,0.0,0,0,100
2024-03-13,SKU_02,53.26,0,0.0,0,0,91
2024-03-14,SKU_02,52.74,0,0.0,0,0,78
2024-03-15,SKU_02,51.92,0,0.0,0,0,96
2024-03-16,SKU_02,50.97,0,0.0,1,0,124
2024-03-17,SKU_02,49.05,0,0.0,1,0,121
2024-03-18,SKU_02,50.81,1,0.232,0,0,193
2024-03-19,SKU_02,50.38,0,0.0,0,0,104
2024-03-20,SKU_02,47.53,0,0.0,0,0,88
2024-03-21,SKU_02,47.81,0,0.0,0,0,88
2024-03-22,SKU_02,48.13,0,0.0,0,0,108
2024-03-23,SKU_02,49.29,0,0.0,1,0,126
2024-03-24,SKU_02,45.14,0,0.0,1,0,127
2024-03-25,SKU_02,47.38,0,0.0,0,0,129
2024-03-26,SKU_02,48.35,0,0.0,0,0,111
2024-03-27,SKU_02,48.85,0,0.0,0,0,105
2024-03-28,SKU_02,43.66,0,0.0,0,0,96
2024-03-29,SKU_02,46.16,0,0.0,0,0,107
2024-03-30,SKU_02,45.97,0,0.0,1,0,119
2024-03-31,SKU_02,43.73,0,0.0,1,0,128
2024-04-01,SKU_02,46.26,0,0.0,0,0,118
2024-04-02,SKU_02,48.93,0,0.0,0,0,103
2024-04-03,SKU_02,48.61,0,0.0,0,0,99
2024-04-04,SKU_02,46.39,0,0.0,0,0,77
2024-04-05,SKU_02,46.14,0,0.0,0,0,86
2024-04-06,SKU_02,47.45,0,0.0,1,0,116
2024-04-07,SKU_02,48.59,0,0.0,1,0,115
2024-04-08,SKU_02,48.63,0,0.0,0,0,108
2024-04-09,SKU_02,54.32,0,0.0,0,0,103
2024-04-10,SKU_02,50.82,0,0.0,0,0,90
2024-04-11,SKU_02,49.78,0,0.0,0,0,90
2024-04-12,SKU_02,48.75,0,0.0,0,0,110
2024-04-13,SKU_02,50.68,0,0.0,1,0,102
2024-04-14,SKU_02,50.47,0,0.0,1,0,117
2024-04-15,SKU_02,52.29,0,0.0,0,0,123
2024-04-16,SKU_02,51.94,0,0.0,0,0,114
2024-04-17,SKU_02,55.3,0,0.0,0,0,89
2024-04-18,SKU_02,54.81,0,0.0,0,0,85
2024-04-19,SKU_02,56.35,0,0.0,0,0,85
2024-04-20,SKU_02,54.96,0,0.0,1,0,103
2024-04-21,SKU_02,58.17,0,0.0,1,0,118
2024-04-22,SKU_02,60.47,0,0.0,0,0,98
2024-04-23,SKU_02,58.17,0,0.0,0,0,97
2024-04-24,SKU_02,57.36,0,0.0,0,0,79
2024-04-25,SKU_02,53.41,0,0.0,0,0,77
2024-04-26,SKU_02,55.03,0,0.0,0,0,84
2024-04-27,SKU_02,55.32,0,0.0,1,0,117
2024-04-28,SKU_02,54.45,0,0.0,1,0,117
2024-04-29,SKU_02,57.42,0,0.0,0,0,102
2024-04-30,SKU_02,60.36,0,0.0,0,0,87
2024-05-01,SKU_02,61.67,0,0.0,0,1,99
2024-05-02,SKU_02,58.88,0,0.0,0,1,99
2024-05-03,SKU_02,58.04,0,0.0,0,0,81
2024-05-04,SKU_02,58.24,0,0.0,1,0,113
2024-05-05,SKU_02,59.38,0,0.0,1,0,117
2024-05-06,SKU_02,64.54,0,0.0,0,0,90
2024-05-07,SKU_02,65.92,0,0.0,0,0,92
2024-05-08,SKU_02,63.65,0,0.0,0,0,97
2024-05-09,SKU_02,63.78,0,0.0,0,1,110
2024-05-10,SKU_02,61.97,0,0.0,0,0,88
2024-05-11,SKU_02,63.1,0,0.0,1,0,105
2024-05-12,SKU_02,63.24,0,0.0,1,0,106
2024-05-13,SKU_02,61.6,0,0.0,0,0,108
2024-05-14,SKU_02,56.39,0,0.0,0,0,99
2024-05-15,SKU_02,54.14,0,0.0,0,0,89
2024-05-16,SKU_02,54.1,0,0.0,0,0,85
2024-05-17,SKU_02,47.65,0,0.0,0,0,112
2024-05-18,SKU_02,50.73,0,0.0,1,0,128
2024-05-19,SKU_02,50.88,0,0.0,1,0,122
2024-05-20,SKU_02,54.05,0,0.0,0,0,105
2024-05-21,SKU_02,50.95,0,0.0,0,0,113
2024-05-22,SKU_02,46.54,0,0.0,0,0,106
2024-05-23,SKU_02,49.52,0,0.0,0,0,95
2024-05-24,SKU_02,47.13,0,0.0,0,0,110
2024-05-25,SKU_02,45.89,0,0.0,1,0,126
2024-05-26,SKU_02,46.06,0,0.0,1,0,137
2024-05-27,SKU_02,47.53,0,0.0,0,0,121
2024-05-28,SKU_02,45.93,0,0.0,0,0,114
2024-05-29,SKU_02,45.78,0,0.0,0,0,114
2024-05-30,SKU_02,45.43,0,0.0,0,0,98
2024-05-31,SKU_02,42.82,0,0.0,0,0,100
2024-06-01,SKU_02,42.85,0,0.0,1,0,134
2024-06-02,SKU_02,43.21,0,0.0,1,0,163
2024-06-03,SKU_02,42.66,0,0.0,0,0,134
2024-06-04,SKU_02,44.27,0,0.0,0,0,107
2024-06-05,SKU_02,41.55,0,0.0,0,0,102
2024-06-06,SKU_02,41.96,0,0.0,0,0,108
2024-06-07,SKU_02,39.13,0,0.0,0,0,128
2024-06-08,SKU_02,37.82,0,0.0,1,0,138
2024-06-09,SKU_02,33.97,0,0.0,1,0,168
2024-06-10,SKU_02,32.6,0,0.0,0,0,150
2024-06-11,SKU_02,34.26,0,0.0,0,0,139
2024-06-12,SKU_02,30.53,0,0.0,0,0,128
2024-06-13,SKU_02,31.01,0,0.0,0,0,123
2024-06-14,SKU_02,31.52,0,0.0,0,0,136
2024-06-15,SKU_02,32.17,0,0.0,1,0,168
2024-06-16,SKU_02,32.46,0,0.0,1,0,179
2024-06-17,SKU_02,33.42,0,0.0,0,0,152
2024-06-18,SKU_02,34.92,0,0.0,0,0,142
2024-06-19,SKU_02,35.47,0,0.0,0,0,129
2024-06-20,SKU_02,33.27,0,0.0,0,0,117
2024-06-21,SKU_02,35.61,0,0.0,0,0,120
2024-06-22,SKU_02,37.16,0,0.0,1,0,156
2024-06-23,SKU_02,37.56,0,0.0,1,0,161
2024-06-24,SKU_02,36.21,0,0.0,0,0,161
2024-06-25,SKU_02,37.83,0,0.0,0,0,152
2024-06-26,SKU_02,35.18,0,0.0,0,0,141
2024-06-27,SKU_02,34.32,0,0.0,0,0,136
2024-06-28,SKU_02,37.07,0,0.0,0,0,153
2024-06-29,SKU_02,37.79,0,0.0,1,0,157
2024-06-30,SKU_02,37.45,0,0.0,1,0,171
2024-07-01,SKU_02,35.02,0,0.0,0,0,177
2024-07-02,SKU_02,35.79,0,0.0,0,0,164
2024-07-03,SKU_02,37.04,0,0.0,0,0,138
2024-07-04,SKU_02,37.72,0,0.0,0,0,130
2024-07-05,SKU_02,36.85,0,0.0,0,0,158
2024-07-06,SKU_02,37.8,0,0.0,1,0,181
2024-07-07,SKU_02,37.78,0,0.0,1,0,20
2024-07-08,SKU_02,39.69,0,0.0,0,0,181
2024-07-09,SKU_02,38.84,0,0.0,0,0,179
2024-07-10,SKU_02,37.11,0,0.0,0,0,148
2024-07-11,SKU_02,34.86,0,0.0,0,0,152
2024-07-12,SKU_02,35.27,0,0.0,0,0,153
2024-07-13,SKU_02,36.5,0,0.0,1,0,188
2024-07-14,SKU_02,36.36,0,0.0,1,0,184
2024-07-15,SKU_02,35.21,0,0.0,0,0,200
2024-07-16,SKU_02,36.44,0,0.0,0,0,167
2024-07-17,SKU_02,36.45,0,0.0,0,0,155
2024-07-18,SKU_02,38.19,0,0.0,0,0,155
2024-07-19,SKU_02,38.12,0,0.0,0,0,163
2024-07-20,SKU_02,37.49,0,0.0,1,0,200
2024-07-21,SKU_02,39.63,0,0.0,1,0,185
2024-07-22,SKU_02,34.09,0,0.0,0,0,205
2024-07-23,SKU_02,33.21,0,0.0,0,0,191
2024-07-24,SKU_02,31.99,0,0.0,0,0,169
2024-07-25,SKU_02,33.59,0,0.0,0,0,179
2024-07-26,SKU_02,33.92,0,0.0,0,0,177
2024-07-27,SKU_02,31.89,0,0.0,1,0,212
2024-07-28,SKU_02,31.47,0,0.0,1,0,223
2024-07-29,SKU_02,29.24,0,0.0,0,0,215
2024-07-30,SKU_02,29.58,0,0.0,0,0,214
2024-07-31,SKU_02,30.88,0,0.0,0,0,190
2024-08-01,SKU_02,30.15,0,0.0,0,0,177
2024-08-02,SKU_02,29.57,0,0.0,0,0,187
2024-08-03,SKU_02,28.8,0,0.0,1,0,231
2024-08-04,SKU_02,27.24,0,0.0,1,0,241
2024-08-05,SKU_02,25.58,0,0.0,0,0,241
2024-08-06,SKU_02,27.51,0,0.0,0,0,214
2024-08-07,SKU_02,27.14,0,0.0,0,0,215
2024-08-08,SKU_02,25.9,0,0.0,0,0,15
2024-08-09,SKU_02,26.59,0,0.0,0,0,210
2024-08-10,SKU_02,27.65,0,0.0,1,0,247
2024-08-11,SKU_02,27.89,0,0.0,1,0,261
2024-08-12,SKU_02,28.57,0,0.0,0,0,247
2024-08-13,SKU_02,27.3,0,0.0,0,0,234
2024-08-14,SKU_02,28.0,0,0.0,0,0,220
2024-08-15,SKU_02,27.3,0,0.0,0,0,190
2024-08-16,SKU_02,30.55,0,0.0,0,0,213
2024-08-17,SKU_02,30.28,0,0.0,1,0,274
2024-08-18,SKU_02,29.96,0,0.0,1,0,264
2024-08-19,SKU_02,27.8,0,0.0,0,0,249
2024-08-20,SKU_02,27.05,0,0.0,0,0,257
2024-08-21,SKU_02,25.96,0,0.0,0,0,213
2024-08-22,SKU_02,24.31,0,0.0,0,0,218
2024-08-23,SKU_02,24.73,0,0.0,0,0,243
2024-08-24,SKU_02,24.01,0,0.0,1,0,293
2024-08-25,SKU_02,25.57,1,0.122,1,0,414
2024-08-26,SKU_02,25.56,0,0.0,0,0,274
2024-08-27,SKU_02,28.02,0,0.0,0,0,262
2024-08-28,SKU_02,26.47,0,0.0,0,0,230
2024-08-29,SKU_02,26.48,0,0.0,0,0,227
2024-08-30,SKU_02,27.71,0,0.0,0,0,242
2024-08-31,SKU_02,28.53,0,0.0,1,0,280
2024-09-01,SKU_02,27.54,0,0.0,1,0,308
2024-09-02,SKU_02,26.13,0,0.0,0,0,276
2024-09-03,SKU_02,26.07,0,0.0,0,0,268
2024-09-04,SKU_02,27.36,0,0.0,0,0,238
2024-09-05,SKU_02,28.27,0,0.0,0,0,229
2024-09-06,SKU_02,27.5,0,0.0,0,0,361
2024-09-07,SKU_02,26.71,0,0.0,1,0,300
2024-09-08,SKU_02,26.11,0,0.0,1,0,309
2024-09-09,SKU_02,24.51,0,0.0,0,0,299
2024-09-10,SKU_02,25.47,0,0.0,0,0,287
2024-09-11,SKU_02,26.15,0,0.0,0,0,255
2024-09-12,SKU_02,25.83,0,0.0,0,0,233
2024-09-13,SKU_02,25.03,0,0.0,0,0,263
2024-09-14,SKU_02,26.33,0,0.0,1,0,298
2024-09-15,SKU_02,26.34,0,0.0,1,0,320
2024-09-16,SKU_02,24.33,0,0.0,0,0,308
2024-09-17,SKU_02,23.72,0,0.0,0,0,296
2024-09-18,SKU_02,24.3,0,0.0,0,0,253
2024-09-19,SKU_02,24.98,0,0.0,0,0,235
2024-09-20,SKU_02,26.9,0,0.0,0,0,250
2024-09-21,SKU_02,26.72,0,0.0,1,0,301
2024-09-22,SKU_02,24.8,0,0.0,1,0,334
2024-09-23,SKU_02,24.59,0,0.0,0,0,323
2024-09-24,SKU_02,25.12,0,0.0,0,0,298
2024-09-25,SKU_02,27.14,0,0.0,0,0,253
2024-09-26,SKU_02,27.42,0,0.0,0,0,247
2024-09-27,SKU_02,27.32,0,0.0,0,0,271
2024-09-28,SKU_02,26.5,0,0.0,1,0,324
2024-09-29,SKU_02,25.88,0,0.0,1,0,347
2024-09-30,SKU_02,26.28,0,0.0,0,0,319
2024-10-01,SKU_02,26.52,0,0.0,0,0,299
2024-10-02,SKU_02,24.43,0,0.0,0,0,268
2024-10-03,SKU_02,23.47,0,0.0,0,0,279
2024-10-04,SKU_02,22.62,0,0.0,0,0,291
2024-10-05,SKU_02,21.64,0,0.0,1,0,363
2024-10-06,SKU_02,21.77,0,0.0,1,0,377
2024-10-07,SKU_02,22.63,0,0.0,0,0,350
2024-10-08,SKU_02,24.36,0,0.0,0,0,299
2024-10-09,SKU_02,23.77,0,0.0,0,0,296
2024-10-10,SKU_02,24.88,0,0.0,0,0,270
2024-10-11,SKU_02,24.51,0,0.0,0,0,305
2024-10-12,SKU_02,26.09,0,0.0,1,0,336
2024-10-13,SKU_02,27.64,0,0.0,1,0,355
2024-10-14,SKU_02,26.24,0,0.0,0,0,342
2024-10-15,SKU_02,24.55,0,0.0,0,0,320
2024-10-16,SKU_02,26.17,0,0.0,0,0,274
2024-10-17,SKU_02,27.66,0,0.0,0,0,269
2024-10-18,SKU_02,28.46,0,0.0,0,0,316
2024-10-19,SKU_02,29.37,1,0.175,1,0,511
2024-10-20,SKU_02,31.81,0,0.0,1,0,351
2024-10-21,SKU_02,31.74,0,0.0,0,0,298
2024-10-22,SKU_02,30.52,0,0.0,0,0,294
2024-10-23,SKU_02,31.55,0,0.0,0,0,256
2024-10-24,SKU_02,32.66,0,0.0,0,0,242
2024-10-25,SKU_02,34.73,0,0.0,0,0,274
2024-10-26,SKU_02,33.62,0,0.0,1,0,316
2024-10-27,SKU_02,34.63,0,0.0,1,0,337
2024-10-28,SKU_02,37.06,0,0.0,0,0,313
2024-10-29,SKU_02,34.84,0,0.0,0,0,295
2024-10-30,SKU_02,35.87,0,0.0,0,0,268
2024-10-31,SKU_02,36.46,0,0.0,0,0,242
2024-11-01,SKU_02,36.12,0,0.0,0,0,271
2024-11-02,SKU_02,39.8,0,0.0,1,0,296
2024-11-03,SKU_02,39.04,0,0.0,1,0,321
2024-11-04,SKU_02,39.92,0,0.0,0,0,298
2024-11-05,SKU_02,43.34,0,0.0,0,0,276
2024-11-06,SKU_02,43.08,0,0.0,0,0,250
2024-11-07,SKU_02,43.49,0,0.0,0,0,224
2024-11-08,SKU_02,45.73,0,0.0,0,0,237
2024-11-09,SKU_02,45.84,0,0.0,1,0,287
2024-11-10,SKU_02,48.57,0,0.0,1,0,292
2024-11-11,SKU_02,51.44,0,0.0,0,0,266
2024-11-12,SKU_02,48.35,0,0.0,0,0,269
2024-11-13,SKU_02,49.53,0,0.0,0,0,248
2024-11-14,SKU_02,51.63,0,0.0,0,0,210
2024-11-15,SKU_02,51.88,0,0.0,0,0,236
2024-11-16,SKU_02,51.48,0,0.0,1,0,286
2024-11-17,SKU_02,51.96,0,0.0,1,0,305
2024-11-18,SKU_02,52.33,0,0.0,0,0,265
2024-11-19,SKU_02,49.56,0,0.0,0,0,258
2024-11-20,SKU_02,48.34,0,0.0,0,0,239
2024-11-21,SKU_02,46.67,0,0.0,0,0,225
2024-11-22,SKU_02,46.57,0,0.0,0,0,255
2024-11-23,SKU_02,44.01,0,0.0,1,0,302
2024-11-24,SKU_02,49.66,0,0.0,1,0,288
2024-11-25,SKU_02,48.93,0,0.0,0,0,277
2024-11-26,SKU_02,48.08,0,0.0,0,0,252
2024-11-27,SKU_02,49.79,0,0.0,0,0,244
2024-11-28,SKU_02,48.82,0,0.0,0,0,218
2024-11-29,SKU_02,48.21,0,0.0,0,0,234
2024-11-30,SKU_02,49.48,0,0.0,1,0,272
2024-12-01,SKU_02,50.93,0,0.0,1,0,293
2024-12-02,SKU_02,53.13,0,0.0,0,0,273
2024-12-03,SKU_02,47.1,0,0.0,0,0,260
2024-12-04,SKU_02,43.03,0,0.0,0,0,239
2024-12-05,SKU_02,42.59,0,0.0,0,0,217
2024-12-06,SKU_02,47.05,0,0.0,0,0,238
2024-12-07,SKU_02,49.61,1,0.144,1,0,413
2024-12-08,SKU_02,46.77,0,0.0,1,0,284
2024-12-09,SKU_02,47.4,0,0.0,0,0,274
2024-12-10,SKU_02,49.25,0,0.0,0,0,268
2024-12-11,SKU_02,44.24,0,0.0,0,0,229
2024-12-12,SKU_02,43.62,0,0.0,0,0,222
2024-12-13,SKU_02,42.47,0,0.0,0,0,248
2024-12-14,SKU_02,41.53,0,0.0,1,0,303
2024-12-15,SKU_02,38.06,0,0.0,1,0,650
2024-12-16,SKU_02,40.65,0,0.0,0,0,289
2024-12-17,SKU_02,43.61,0,0.0,0,0,255
2024-12-18,SKU_02,43.16,0,0.0,0,0,229
2024-12-19,SKU_02,44.16,0,0.0,0,0,228
2024-12-20,SKU_02,43.35,0,0.0,0,0,240
2024-12-21,SKU_02,39.99,0,0.0,1,0,300
2024-12-22,SKU_02,38.55,0,0.0,1,0,317
2024-12-23,SKU_02,38.23,0,0.0,0,0,286
2024-12-24,SKU_02,38.64,0,0.0,0,0,268
2024-12-25,SKU_02,38.87,0,0.0,0,0,241
2024-12-26,SKU_02,37.6,0,0.0,0,0,232
2024-12-27,SKU_02,35.65,0,0.0,0,0,262
2024-12-28,SKU_02,38.08,0,0.0,1,0,305
2024-12-29,SKU_02,39.38,0,0.0,1,0,296
2024-12-30,SKU_02,37.49,0,0.0,0,0,291
2024-12-31,SKU_02,36.5,0,0.0,0,0,268
2025-01-01,SKU_02,34.21,0,0.0,0,1,288
2025-01-02,SKU_02,32.35,0,0.0,0,0,230
2025-01-03,SKU_02,32.8,0,0.0,0,0,255
2025-01-04,SKU_02,35.92,0,0.0,1,0,295
2025-01-05,SKU_02,36.25,0,0.0,1,0,302
2025-01-06,SKU_02,35.66,0,0.0,0,0,302
2025-01-07,SKU_02,36.42,0,0.0,0,1,323
2025-01-08,SKU_02,39.83,0,0.0,0,0,229
2025-01-09,SKU_02,38.43,0,0.0,0,0,212
2025-01-10,SKU_02,35.8,1,0.109,0,0,332
2025-01-11,SKU_02,37.34,0,0.0,1,0,283
2025-01-12,SKU_02,38.05,0,0.0,1,0,287
2025-01-13,SKU_02,40.8,0,0.0,0,0,263
2025-01-14,SKU_02,41.85,0,0.0,0,0,245
2025-01-15,SKU_02,42.05,0,0.0,0,0,227
2025-01-16,SKU_02,42.64,0,0.0,0,0,210
2025-01-17,SKU_02,45.6,0,0.0,0,0,215
2025-01-18,SKU_02,49.47,0,0.0,1,0,257
2025-01-19,SKU_02,52.61,0,0.0,1,0,251
2025-01-20,SKU_02,51.4,0,0.0,0,0,239
2025-01-21,SKU_02,48.5,0,0.0,0,0,216
2025-01-22,SKU_02,46.88,0,0.0,0,0,194
2025-01-23,SKU_02,42.81,0,0.0,0,0,209
2025-01-24,SKU_02,46.15,0,0.0,0,0,197
2025-01-25,SKU_02,45.91,0,0.0,1,0,254
2025-01-26,SKU_02,41.11,0,0.0,1,0,265
2025-01-27,SKU_02,40.84,0,0.0,0,0,250
2025-01-28,SKU_02,40.29,0,0.0,0,0,232
2025-01-29,SKU_02,42.48,0,0.0,0,0,201
2025-01-30,SKU_02,40.6,0,0.0,0,0,190
2025-01-31,SKU_02,40.78,0,0.0,0,0,210
2025-02-01,SKU_02,40.81,0,0.0,1,0,257
2025-02-02,SKU_02,38.72,0,0.0,1,0,262
2025-02-03,SKU_02,41.24,0,0.0,0,0,249
2025-02-04,SKU_02,39.99,0,0.0,0,0,227
2025-02-05,SKU_02,38.61,0,0.0,0,0,188
2025-02-06,SKU_02,39.51,0,0.0,0,0,185
2025-02-07,SKU_02,39.01,0,0.0,0,0,196
2025-02-08,SKU_02,36.84,0,0.0,1,0,256
2025-02-09,SKU_02,38.02,0,0.0,1,0,262
2025-02-10,SKU_02,39.09,0,0.0,0,0,241
2025-02-11,SKU_02,38.34,0,0.0,0,0,210
2025-02-12,SKU_02,41.03,0,0.0,0,0,169
2025-02-13,SKU_02,40.41,0,0.0,0,0,187
2025-02-14,SKU_02,43.04,0,0.0,0,0,181
2025-02-15,SKU_02,41.91,0,0.0,1,0,229
2025-02-16,SKU_02,41.6,0,0.0,1,0,250
2025-02-17,SKU_02,40.96,0,0.0,0,0,215
2025-02-18,SKU_02,40.97,0,0.0,0,0,207
2025-02-19,SKU_02,42.07,0,0.0,0,0,180
2025-02-20,SKU_02,44.38,1,0.153,0,0,263
2025-02-21,SKU_02,47.28,0,0.0,0,0,183
2025-02-22,SKU_02,46.56,0,0.0,1,0,210
2025-02-23,SKU_02,47.26,0,0.0,1,1,274
2025-02-24,SKU_02,47.87,0,0.0,0,0,212
2025-02-25,SKU_02,51.2,0,0.0,0,0,186
2025-02-26,SKU_02,47.56,0,0.0,0,0,183
2025-02-27,SKU_02,48.37,1,0.123,0,0,221
2025-02-28,SKU_02,50.32,0,0.0,0,0,167
2025-03-01,SKU_02,48.7,0,0.0,1,0,200
2025-03-02,SKU_02,51.89,0,0.0,1,0,203
2025-03-03,SKU_02,51.89,0,0.0,0,0,181
2025-03-04,SKU_02,47.83,0,0.0,0,0,187
2025-03-05,SKU_02,48.13,0,0.0,0,0,141
2025-03-06,SKU_02,47.41,0,0.0,0,0,143
2025-03-07,SKU_02,46.63,0,0.0,0,0,172
2025-03-08,SKU_02,46.99,0,0.0,1,1,245
2025-03-09,SKU_02,46.23,0,0.0,1,0,206
2025-03-10,SKU_02,48.67,0,0.0,0,0,194
2025-03-11,SKU_02,49.77,0,0.0,0,0,181
2025-03-12,SKU_02,53.85,0,0.0,0,0,151
2025-03-13,SKU_02,50.12,0,0.0,0,0,146
2025-03-14,SKU_02,51.9,0,0.0,0,0,142
2025-03-15,SKU_02,53.55,0,0.0,1,0,198
2025-03-16,SKU_02,50.66,0,0.0,1,0,184
2025-03-17,SKU_02,51.91,0,0.0,0,0,188
2025-03-18,SKU_02,55.04,0,0.0,0,0,168
2025-03-19,SKU_02,58.81,0,0.0,0,0,140
2025-03-20,SKU_02,64.11,0,0.0,0,0,127
2025-03-21,SKU_02,60.58,0,0.0,0,0,135
2025-03-22,SKU_02,66.36,0,0.0,1,0,164
2025-03-23,SKU_02,64.78,0,0.0,1,0,180
2025-03-24,SKU_02,64.41,0,0.0,0,0,160
2025-03-25,SKU_02,62.01,0,0.0,0,0,145
2025-03-26,SKU_02,66.56,0,0.0,0,0,130
2025-03-27,SKU_02,72.01,0,0.0,0,0,112
2025-03-28,SKU_02,74.4,0,0.0,0,0,143
2025-03-29,SKU_02,74.02,0,0.0,1,0,146
2025-03-30,SKU_02,75.97,0,0.0,1,0,145
2025-03-31,SKU_02,74.2,0,0.0,0,0,141
2025-04-01,SKU_02,75.98,0,0.0,0,0,145
2025-04-02,SKU_02,75.21,0,0.0,0,0,133
2025-04-03,SKU_02,76.31,0,0.0,0,0,113
2025-04-04,SKU_02,75.26,0,0.0,0,0,120
2025-04-05,SKU_02,74.11,0,0.0,1,0,166
2025-04-06,SKU_02,78.77,0,0.0,1,0,166
2025-04-07,SKU_02,84.61,0,0.0,0,0,139
2025-04-08,SKU_02,82.96,0,0.0,0,0,122
2025-04-09,SKU_02,86.3,0,0.0,0,0,113
2025-04-10,SKU_02,90.47,0,0.0,0,0,112
2025-04-11,SKU_02,90.12,0,0.0,0,0,116
2025-04-12,SKU_02,88.89,0,0.0,1,0,132
2025-04-13,SKU_02,88.59,0,0.0,1,0,149
2025-04-14,SKU_02,89.45,0,0.0,0,0,140
2025-04-15,SKU_02,80.47,0,0.0,0,0,128
2025-04-16,SKU_02,72.06,0,0.0,0,0,101
2025-04-17,SKU_02,70.56,0,0.0,0,0,103
2025-04-18,SKU_02,65.29,0,0.0,0,0,122
2025-04-19,SKU_02,65.59,0,0.0,1,0,162
2025-04-20,SKU_02,63.65,0,0.0,1,0,156
2025-04-21,SKU_02,62.55,0,0.0,0,0,152
2025-04-22,SKU_02,62.76,0,0.0,0,0,146
2025-04-23,SKU_02,69.0,0,0.0,0,0,130
2025-04-24,SKU_02,66.67,0,0.0,0,0,119
2025-04-25,SKU_02,74.15,0,0.0,0,0,140
2025-04-26,SKU_02,69.19,0,0.0,1,0,159
2025-04-27,SKU_02,73.16,0,0.0,1,0,156
2025-04-28,SKU_02,76.08,0,0.0,0,0,134
2025-04-29,SKU_02,74.92,0,0.0,0,0,132
2025-04-30,SKU_02,81.85,0,0.0,0,0,126
2025-05-01,SKU_02,86.73,0,0.0,0,1,139
2025-05-02,SKU_02,90.38,0,0.0,0,1,148
2025-05-03,SKU_02,79.22,0,0.0,1,0,144
2025-05-04,SKU_02,75.25,0,0.0,1,0,150
2025-05-05,SKU_02,74.3,0,0.0,0,0,150
2025-05-06,SKU_02,72.3,0,0.0,0,0,129
2025-05-07,SKU_02,72.92,0,0.0,0,0,113
2025-05-08,SKU_02,72.02,0,0.0,0,0,130
2025-05-09,SKU_02,73.56,0,0.0,0,1,157
2025-05-10,SKU_02,75.33,0,0.0,1,0,157
2025-05-11,SKU_02,78.24,0,0.0,1,0,149
2025-05-12,SKU_02,73.43,0,0.0,0,0,143
2025-05-13,SKU_02,74.79,0,0.0,0,0,131
2025-05-14,SKU_02,76.22,0,0.0,0,0,256
2025-05-15,SKU_02,73.33,0,0.0,0,0,117
2025-05-16,SKU_02,72.01,0,0.0,0,0,135
2025-05-17,SKU_02,75.24,0,0.0,1,0,160
2025-05-18,SKU_02,73.78,0,0.0,1,0,164
2025-05-19,SKU_02,73.16,0,0.0,0,0,155
2025-05-20,SKU_02,73.54,0,0.0,0,0,137
2025-05-21,SKU_02,77.34,0,0.0,0,0,131
2025-05-22,SKU_02,74.18,0,0.0,0,0,112
2025-05-23,SKU_02,73.7,0,0.0,0,0,135
2025-05-24,SKU_02,73.49,0,0.0,1,0,147
2025-05-25,SKU_02,71.93,0,0.0,1,0,161
2025-05-26,SKU_02,73.83,0,0.0,0,0,152
2025-05-27,SKU_02,67.07,0,0.0,0,0,150
2025-05-28,SKU_02,62.72,0,0.0,0,0,131
2025-05-29,SKU_02,59.63,0,0.0,0,0,150
2025-05-30,SKU_02,58.33,0,0.0,0,0,121
2025-05-31,SKU_02,57.13,0,0.0,1,0,191
2025-06-01,SKU_02,53.37,0,0.0,1,0,195
2025-06-02,SKU_02,52.11,0,0.0,0,0,176
2025-06-03,SKU_02,51.55,0,0.0,0,0,163
2025-06-04,SKU_02,50.54,0,0.0,0,0,138
2025-06-05,SKU_02,51.64,0,0.0,0,0,145
2025-06-06,SKU_02,52.06,0,0.0,0,0,167
2025-06-07,SKU_02,52.0,0,0.0,1,0,205
2025-06-08,SKU_02,59.84,0,0.0,1,0,198
2025-06-09,SKU_02,57.26,0,0.0,0,0,171
2025-06-10,SKU_02,55.33,0,0.0,0,0,163
2025-06-11,SKU_02,61.4,0,0.0,0,0,142
2025-06-12,SKU_02,61.29,0,0.0,0,0,147
2025-06-13,SKU_02,60.38,0,0.0,0,0,144
2025-06-14,SKU_02,59.9,0,0.0,1,0,177
2025-06-15,SKU_02,63.84,0,0.0,1,0,203
2025-06-16,SKU_02,63.83,0,0.0,0,0,171
2025-06-17,SKU_02,60.5,0,0.0,0,0,169
2025-06-18,SKU_02,62.12,0,0.0,0,0,157
2025-06-19,SKU_02,60.3,0,0.0,0,0,147
2025-06-20,SKU_02,56.63,0,0.0,0,0,167
2025-06-21,SKU_02,58.57,0,0.0,1,0,208
2025-06-22,SKU_02,52.03,0,0.0,1,0,216
2025-06-23,SKU_02,57.29,0,0.0,0,0,185
2025-06-24,SKU_02,57.71,0,0.0,0,0,184
2025-06-25,SKU_02,60.04,0,0.0,0,0,164
2025-06-26,SKU_02,60.9,0,0.0,0,0,151
2025-06-27,SKU_02,59.56,0,0.0,0,0,172
2025-06-28,SKU_02,57.86,0,0.0,1,0,214
2025-06-29,SKU_02,55.09,0,0.0,1,0,229
2025-06-30,SKU_02,53.8,0,0.0,0,0,209
2025-07-01,SKU_02,48.61,0,0.0,0,0,203
2025-07-02,SKU_02,51.51,0,0.0,0,0,186
2025-07-03,SKU_02,53.61,0,0.0,0,0,189
2025-07-04,SKU_02,54.24,0,0.0,0,0,189
2025-07-05,SKU_02,56.51,0,0.0,1,0,228
2025-07-06,SKU_02,56.33,0,0.0,1,0,243
2025-07-07,SKU_02,54.07,0,0.0,0,0,219
2025-07-08,SKU_02,54.02,0,0.0,0,0,216
2025-07-09,SKU_02,50.68,0,0.0,0,0,208
2025-07-10,SKU_02,47.06,0,0.0,0,0,176
2025-07-11,SKU_02,51.54,0,0.0,0,0,207
2025-07-12,SKU_02,52.65,0,0.0,1,0,248
2025-07-13,SKU_02,49.78,0,0.0,1,0,248
2025-07-14,SKU_02,46.77,0,0.0,0,0,240
2025-07-15,SKU_02,48.29,0,0.0,0,0,238
2025-07-16,SKU_02,48.77,0,0.0,0,0,196
2025-07-17,SKU_02,51.74,0,0.0,0,0,187
2025-07-18,SKU_02,49.75,0,0.0,0,0,231
2025-07-19,SKU_02,52.65,0,0.0,1,0,258
2025-07-20,SKU_02,51.79,0,0.0,1,0,267
2025-07-21,SKU_02,56.0,0,0.0,0,0,232
2025-07-22,SKU_02,54.03,0,0.0,0,0,233
2025-07-23,SKU_02,56.89,0,0.0,0,0,203
2025-07-24,SKU_02,63.71,0,0.0,0,0,187
2025-07-25,SKU_02,64.1,0,0.0,0,0,197
2025-07-26,SKU_02,65.2,0,0.0,1,0,19
2025-07-27,SKU_02,60.08,0,0.0,1,0,510
2025-07-28,SKU_02,54.43,0,0.0,0,0,258
2025-07-29,SKU_02,56.79,0,0.0,0,0,248
2025-07-30,SKU_02,57.62,0,0.0,0,0,211
2025-07-31,SKU_02,50.02,0,0.0,0,0,210
2025-08-01,SKU_02,48.68,0,0.0,0,0,235
2025-08-02,SKU_02,50.83,0,0.0,1,0,270
2025-08-03,SKU_02,51.38,0,0.0,1,0,291
2025-08-04,SKU_02,50.96,0,0.0,0,0,297
2025-08-05,SKU_02,51.92,0,0.0,0,0,253
2025-08-06,SKU_02,50.57,0,0.0,0,0,228
2025-08-07,SKU_02,49.48,0,0.0,0,0,220
2025-08-08,SKU_02,48.52,0,0.0,0,0,244
2025-08-09,SKU_02,42.59,0,0.0,1,0,313
2025-08-10,SKU_02,40.1,0,0.0,1,0,339
2025-08-11,SKU_02,39.64,0,0.0,0,0,312
2025-08-12,SKU_02,41.41,0,0.0,0,0,289
2025-08-13,SKU_02,43.98,0,0.0,0,0,245
2025-08-14,SKU_02,45.16,0,0.0,0,0,242
2025-08-15,SKU_02,46.23,0,0.0,0,0,263
2025-08-16,SKU_02,45.35,0,0.0,1,0,316
2025-08-17,SKU_02,41.74,0,0.0,1,0,344
2025-08-18,SKU_02,43.6,0,0.0,0,0,332
2025-08-19,SKU_02,43.26,0,0.0,0,0,313
2025-08-20,SKU_02,45.84,0,0.0,0,0,253
2025-08-21,SKU_02,46.5,0,0.0,0,0,253
2025-08-22,SKU_02,46.29,0,0.0,0,0,284
2025-08-23,SKU_02,50.32,0,0.0,1,0,321
2025-08-24,SKU_02,51.56,0,0.0,1,0,322
2025-08-25,SKU_02,52.83,1,0.286,0,0,528
2025-08-26,SKU_02,54.07,0,0.0,0,0,277
2025-08-27,SKU_02,56.48,0,0.0,0,0,269
2025-08-28,SKU_02,58.42,0,0.0,0,0,234
2025-08-29,SKU_02,60.73,0,0.0,0,0,259
2025-08-30,SKU_02,59.96,0,0.0,1,0,306
2025-08-31,SKU_02,62.62,0,0.0,1,0,307
2025-09-01,SKU_02,62.61,0,0.0,0,0,306
2025-09-02,SKU_02,64.73,0,0.0,0,0,279
2025-09-03,SKU_02,64.8,0,0.0,0,0,255
2025-09-04,SKU_02,58.63,0,0.0,0,0,255
2025-09-05,SKU_02,60.32,0,0.0,0,0,264
2025-09-06,SKU_02,63.01,0,0.0,1,0,330
2025-09-07,SKU_02,64.76,0,0.0,1,0,332
2025-09-08,SKU_02,64.13,0,0.0,0,0,317
2025-09-09,SKU_02,60.44,0,0.0,0,0,281
2025-09-10,SKU_02,60.18,0,0.0,0,0,570
2025-09-11,SKU_02,62.45,0,0.0,0,0,259
2025-09-12,SKU_02,58.78,0,0.0,0,0,269
2025-09-13,SKU_02,58.89,1,0.236,1,0,557
2025-09-14,SKU_02,63.87,0,0.0,1,0,325
2025-09-15,SKU_02,66.55,0,0.0,0,0,319
2025-09-16,SKU_02,65.75,0,0.0,0,0,286
2025-09-17,SKU_02,70.95,0,0.0,0,0,264
2025-09-18,SKU_02,74.36,0,0.0,0,0,249
2025-09-19,SKU_02,70.14,0,0.0,0,0,254
2025-09-20,SKU_02,73.83,0,0.0,1,0,318
2025-09-21,SKU_02,74.67,0,0.0,1,0,316
2025-09-22,SKU_02,74.24,0,0.0,0,0,328
2025-09-23,SKU_02,74.8,0,0.0,0,0,296
2025-09-24,SKU_02,76.34,0,0.0,0,0,259
2025-09-25,SKU_02,75.63,0,0.0,0,0,235
2025-09-26,SKU_02,75.6,0,0.0,0,0,277
2025-09-27,SKU_02,76.82,0,0.0,1,0,325
2025-09-28,SKU_02,70.93,0,0.0,1,0,347
2025-09-29,SKU_02,72.78,0,0.0,0,0,0
2025-09-30,SKU_02,71.29,0,0.0,0,0,302
2025-10-01,SKU_02,81.47,0,0.0,0,0,257
2025-10-02,SKU_02,80.16,0,0.0,0,0,243
2025-10-03,SKU_02,74.92,0,0.0,0,0,281
2025-10-04,SKU_02,74.1,0,0.0,1,0,328
2025-10-05,SKU_02,76.68,0,0.0,1,0,343
2025-10-06,SKU_02,77.93,0,0.0,0,0,325
2025-10-07,SKU_02,76.67,0,0.0,0,0,303
2025-10-08,SKU_02,77.21,0,0.0,0,0,275
2025-10-09,SKU_02,77.63,0,0.0,0,0,243
2025-10-10,SKU_02,74.78,0,0.0,0,0,288
2025-10-11,SKU_02,68.54,0,0.0,1,0,362
2025-10-12,SKU_02,75.11,1,0.181,1,0,527
2025-10-13,SKU_02,73.1,0,0.0,0,0,333
2025-10-14,SKU_02,74.07,0,0.0,0,0,326
2025-10-15,SKU_02,73.63,0,0.0,0,0,268
2025-10-16,SKU_02,74.49,0,0.0,0,0,285
2025-10-17,SKU_02,69.46,1,0.146,0,0,426
2025-10-18,SKU_02,70.27,0,0.0,1,0,337
2025-10-19,SKU_02,71.13,0,0.0,1,0,380
2025-10-20,SKU_02,68.01,0,0.0,0,0,343
2025-10-21,SKU_02,72.06,0,0.0,0,0,322
2025-10-22,SKU_02,71.19,0,0.0,0,0,285
2025-10-23,SKU_02,73.8,0,0.0,0,0,258
2025-10-24,SKU_02,69.24,0,0.0,0,0,279
2025-10-25,SKU_02,68.01,0,0.0,1,0,367
2025-10-26,SKU_02,70.53,0,0.0,1,0,373
2025-10-27,SKU_02,78.62,0,0.0,0,0,51
2025-10-28,SKU_02,82.56,0,0.0,0,0,302
2025-10-29,SKU_02,81.25,0,0.0,0,0,273
2025-10-30,SKU_02,73.15,0,0.0,0,0,262
2025-10-31,SKU_02,73.07,0,0.0,0,0,285
2025-11-01,SKU_02,73.08,0,0.0,1,0,355
2025-11-02,SKU_02,75.54,0,0.0,1,0,357
2025-11-03,SKU_02,77.99,0,0.0,0,0,336
2025-11-04,SKU_02,82.08,0,0.0,0,0,298
2025-11-05,SKU_02,85.52,0,0.0,0,0,272
2025-11-06,SKU_02,91.37,0,0.0,0,0,256
2025-11-07,SKU_02,90.55,0,0.0,0,0,267
2025-11-08,SKU_02,91.35,0,0.0,1,0,325
2025-11-09,SKU_02,93.13,0,0.0,1,0,332
2025-11-10,SKU_02,91.86,0,0.0,0,0,320
2025-11-11,SKU_02,94.43,0,0.0,0,0,279
2025-11-12,SKU_02,89.8,0,0.0,0,0,278
2025-11-13,SKU_02,96.25,0,0.0,0,0,231
2025-11-14,SKU_02,100.97,0,0.0,0,0,262
2025-11-15,SKU_02,100.07,0,0.0,1,0,316
2025-11-16,SKU_02,96.2,0,0.0,1,0,336
2025-11-17,SKU_02,92.61,0,0.0,0,0,308
2025-11-18,SKU_02,95.58,0,0.0,0,0,311
2025-11-19,SKU_02,98.92,0,0.0,0,0,248
2025-11-20,SKU_02,87.35,0,0.0,0,0,253
2025-11-21,SKU_02,81.03,0,0.0,0,0,278
2025-11-22,SKU_02,74.39,0,0.0,1,0,518
2025-11-23,SKU_02,73.93,0,0.0,1,0,364
2025-11-24,SKU_02,77.59,0,0.0,0,0,326
2025-11-25,SKU_02,73.88,0,0.0,0,0,300
2025-11-26,SKU_02,74.44,0,0.0,0,0,302
2025-11-27,SKU_02,70.7,0,0.0,0,0,264
2025-11-28,SKU_02,73.41,0,0.0,0,0,282
2025-11-29,SKU_02,72.16,0,0.0,1,0,339
2025-11-30,SKU_02,70.17,0,0.0,1,0,371
2025-12-01,SKU_02,69.9,0,0.0,0,0,347
2025-12-02,SKU_02,66.62,0,0.0,0,0,333
2025-12-03,SKU_02,69.21,0,0.0,0,0,282
2025-12-04,SKU_02,68.57,0,0.0,0,0,264
2025-12-05,SKU_02,71.83,0,0.0,0,0,299
2025-12-06,SKU_02,76.09,0,0.0,1,0,333
2025-12-07,SKU_02,73.54,0,0.0,1,0,349
2025-12-08,SKU_02,71.93,0,0.0,0,0,335
2025-12-09,SKU_02,71.73,0,0.0,0,0,295
2025-12-10,SKU_02,71.04,0,0.0,0,0,277
2025-12-11,SKU_02,70.7,0,0.0,0,0,259
2025-12-12,SKU_02,73.62,0,0.0,0,0,551
2025-12-13,SKU_02,72.21,0,0.0,1,0,346
2025-12-14,SKU_02,75.14,0,0.0,1,0,339
2025-12-15,SKU_02,78.77,0,0.0,0,0,314
2025-12-16,SKU_02,77.86,0,0.0,0,0,289
2025-12-17,SKU_02,71.93,0,0.0,0,0,271
2025-12-18,SKU_02,72.0,0,0.0,0,0,274
2025-12-19,SKU_02,72.02,0,0.0,0,0,284
2025-12-20,SKU_02,72.11,0,0.0,1,0,347
2025-12-21,SKU_02,72.38,0,0.0,1,0,340
2025-12-22,SKU_02,73.04,0,0.0,0,0,319
2025-12-23,SKU_02,72.35,0,0.0,0,0,281
2025-12-24,SKU_02,72.45,0,0.0,0,0,263
2025-12-25,SKU_02,71.25,0,0.0,0,0,257
2025-12-26,SKU_02,70.7,0,0.0,0,0,265
2025-12-27,SKU_02,72.57,0,0.0,1,0,326
2025-12-28,SKU_02,74.36,0,0.0,1,0,332
2025-12-29,SKU_02,72.86,0,0.0,0,0,328
2025-12-30,SKU_02,78.92,0,0.0,0,0,294
2025-12-31,SKU_02,77.66,0,0.0,0,0,268
2026-01-01,SKU_02,78.24,0,0.0,0,1,284
2026-01-02,SKU_02,80.29,0,0.0,0,0,260
2026-01-03,SKU_02,82.47,0,0.0,1,0,304
2026-01-04,SKU_02,85.02,0,0.0,1,0,310
2026-01-05,SKU_02,88.17,0,0.0,0,0,292
2026-01-06,SKU_02,87.5,0,0.0,0,0,260
2026-01-07,SKU_02,84.07,0,0.0,0,1,295
2026-01-08,SKU_02,83.93,0,0.0,0,0,237
2026-01-09,SKU_02,79.3,0,0.0,0,0,251
2026-01-10,SKU_02,82.37,0,0.0,1,0,299
2026-01-11,SKU_02,80.17,0,0.0,1,0,299
2026-01-12,SKU_02,83.33,0,0.0,0,0,284
2026-01-13,SKU_02,80.61,0,0.0,0,0,270
2026-01-14,SKU_02,77.64,0,0.0,0,0,238
2026-01-15,SKU_02,76.83,0,0.0,0,0,224
2026-01-16,SKU_02,80.51,0,0.0,0,0,237
2026-01-17,SKU_02,81.06,0,0.0,1,0,290
2026-01-18,SKU_02,87.07,0,0.0,1,0,282
2026-01-19,SKU_02,84.6,0,0.0,0,0,268
2026-01-20,SKU_02,88.19,0,0.0,0,0,269
2026-01-21,SKU_02,95.99,0,0.0,0,0,219
2026-01-22,SKU_02,96.71,0,0.0,0,0,209
2026-01-23,SKU_02,93.56,0,0.0,0,0,228
2026-01-24,SKU_02,93.86,0,0.0,1,0,266
2026-01-25,SKU_02,87.54,0,0.0,1,0,285
2026-01-26,SKU_02,91.74,0,0.0,0,0,266
2026-01-27,SKU_02,96.85,0,0.0,0,0,234
2026-01-28,SKU_02,86.29,0,0.0,0,0,210
2026-01-29,SKU_02,90.43,0,0.0,0,0,203
2026-01-30,SKU_02,93.04,0,0.0,0,0,226
2026-01-31,SKU_02,90.13,0,0.0,1,0,257
2026-02-01,SKU_02,86.1,0,0.0,1,0,261
2026-02-02,SKU_02,80.94,0,0.0,0,0,269
2026-02-03,SKU_02,80.16,0,0.0,0,0,244
2026-02-04,SKU_02,77.11,0,0.0,0,0,216
2026-02-05,SKU_02,80.44,0,0.0,0,0,207
2026-02-06,SKU_02,78.54,0,0.0,0,0,225
2026-02-07,SKU_02,81.09,0,0.0,1,0,266
2026-02-08,SKU_02,83.06,0,0.0,1,0,267
2026-02-09,SKU_02,77.94,0,0.0,0,0,259
2026-02-10,SKU_02,79.05,0,0.0,0,0,251
2026-02-11,SKU_02,79.47,0,0.0,0,0,214
2026-02-12,SKU_02,79.63,0,0.0,0,0,192
2026-02-13,SKU_02,78.43,0,0.0,0,0,219
2026-02-14,SKU_02,77.5,0,0.0,1,0,264
2026-02-15,SKU_02,78.17,0,0.0,1,0,261
2026-02-16,SKU_02,79.97,0,0.0,0,0,228
2026-02-17,SKU_02,80.23,0,0.0,0,0,228
2026-02-18,SKU_02,85.28,0,0.0,0,0,204
2026-02-19,SKU_02,83.1,0,0.0,0,0,196
2026-02-20,SKU_02,81.53,0,0.0,0,0,217
2026-02-21,SKU_02,78.14,0,0.0,1,0,250
2026-02-22,SKU_02,73.43,0,0.0,1,0,253
2026-02-23,SKU_02,76.95,0,0.0,0,1,279
2026-02-24,SKU_02,78.91,0,0.0,0,0,212
2026-02-25,SKU_02,82.29,0,0.0,0,0,189
2026-02-26,SKU_02,86.16,0,0.0,0,0,173
2026-02-27,SKU_02,85.47,0,0.0,0,0,203
2026-02-28,SKU_02,82.59,0,0.0,1,0,231
2026-03-01,SKU_02,87.51,0,0.0,1,0,242
2026-03-02,SKU_02,90.66,0,0.0,0,0,224
2026-03-03,SKU_02,87.1,0,0.0,0,0,190
2026-03-04,SKU_02,89.1,0,0.0,0,0,175
2026-03-05,SKU_02,90.35,0,0.0,0,0,178
2026-03-06,SKU_02,85.58,0,0.0,0,0,194
2026-03-07,SKU_02,89.46,0,0.0,1,0,218
2026-03-08,SKU_02,82.23,0,0.0,1,1,287
2026-03-09,SKU_02,77.46,0,0.0,0,0,218
2026-03-10,SKU_02,77.0,0,0.0,0,0,221
2026-03-11,SKU_02,80.47,0,0.0,0,0,184
2026-03-12,SKU_02,84.42,0,0.0,0,0,193
2026-03-13,SKU_02,84.49,0,0.0,0,0,189
2026-03-14,SKU_02,90.03,0,0.0,1,0,214
2026-03-15,SKU_02,91.23,0,0.0,1,0,219
2026-03-16,SKU_02,84.1,0,0.0,0,0,207
2026-03-17,SKU_02,87.36,0,0.0,0,0,196
2026-03-18,SKU_02,88.59,0,0.0,0,0,150
2026-03-19,SKU_02,86.17,1,0.208,0,0,264
2026-03-20,SKU_02,83.42,0,0.0,0,0,175
2026-03-21,SKU_02,75.77,0,0.0,1,0,218
2026-03-22,SKU_02,74.46,0,0.0,1,0,227
2026-03-23,SKU_02,76.95,0,0.0,0,0,206
2026-03-24,SKU_02,72.62,0,0.0,0,0,205
2026-03-25,SKU_02,77.76,0,0.0,0,0,174
2026-03-26,SKU_02,80.47,0,0.0,0,0,151
2026-03-27,SKU_02,84.2,0,0.0,0,0,166
2026-03-28,SKU_02,86.35,0,0.0,1,0,212
2026-03-29,SKU_02,87.73,0,0.0,1,0,213
2026-03-30,SKU_02,83.94,0,0.0,0,0,202
2026-03-31,SKU_02,80.16,0,0.0,0,0,186
2026-04-01,SKU_02,75.97,0,0.0,0,0,169
2026-04-02,SKU_02,75.5,0,0.0,0,0,161
2026-04-03,SKU_02,70.35,0,0.0,0,0,177
2026-04-04,SKU_02,71.17,0,0.0,1,0,203
2026-04-05,SKU_02,66.71,0,0.0,1,0,209
2026-04-06,SKU_02,66.52,0,0.0,0,0,216
2026-04-07,SKU_02,69.89,0,0.0,0,0,193
2026-04-08,SKU_02,71.07,0,0.0,0,0,174
2026-04-09,SKU_02,74.12,0,0.0,0,0,164
2026-04-10,SKU_02,79.28,0,0.0,0,0,164
2026-04-11,SKU_02,74.35,0,0.0,1,0,210
2026-04-12,SKU_02,79.31,0,0.0,1,0,205
2026-04-13,SKU_02,86.11,0,0.0,0,0,175
2026-04-14,SKU_02,86.4,0,0.0,0,0,173
2026-04-15,SKU_02,82.66,0,0.0,0,0,155
2026-04-16,SKU_02,80.67,0,0.0,0,0,149
2026-04-17,SKU_02,79.32,0,0.0,0,0,161
2026-04-18,SKU_02,78.78,0,0.0,1,0,192
2026-04-19,SKU_02,74.89,0,0.0,1,0,227
2026-04-20,SKU_02,74.86,0,0.0,0,0,206
2026-04-21,SKU_02,71.89,0,0.0,0,0,177
2026-04-22,SKU_02,68.8,0,0.0,0,0,165
2026-04-23,SKU_02,71.33,0,0.0,0,0,155
2026-04-24,SKU_02,76.27,0,0.0,0,0,155
2026-04-25,SKU_02,77.36,0,0.0,1,0,220
2026-04-26,SKU_02,77.09,0,0.0,1,0,209
2026-04-27,SKU_02,79.43,0,0.0,0,0,194
2026-04-28,SKU_02,76.9,0,0.0,0,0,187
2026-04-29,SKU_02,66.59,0,0.0,0,0,160
2026-04-30,SKU_02,65.92,0,0.0,0,0,157
2026-05-01,SKU_02,70.78,0,0.0,0,1,220
2026-05-02,SKU_02,73.14,0,0.0,1,1,241
2026-05-03,SKU_02,67.31,0,0.0,1,0,218
2026-05-04,SKU_02,67.75,0,0.0,0,0,199
2026-05-05,SKU_02,66.93,0,0.0,0,0,199
2026-05-06,SKU_02,64.43,0,0.0,0,0,183
2026-05-07,SKU_02,64.65,0,0.0,0,0,167
2026-05-08,SKU_02,69.91,0,0.0,0,0,173
2026-05-09,SKU_02,73.89,0,0.0,1,1,249
2026-05-10,SKU_02,72.75,0,0.0,1,0,218
2026-05-11,SKU_02,71.35,0,0.0,0,0,206
2026-05-12,SKU_02,73.8,0,0.0,0,0,172
2026-05-13,SKU_02,72.68,0,0.0,0,0,153
2026-05-14,SKU_02,80.39,0,0.0,0,0,162
2026-05-15,SKU_02,80.54,0,0.0,0,0,175
2026-05-16,SKU_02,79.66,0,0.0,1,0,217
2026-05-17,SKU_02,79.82,0,0.0,1,0,189
2023-05-14,SKU_03,27.34,0,0.0,1,0,117
2023-05-15,SKU_03,26.01,0,0.0,0,0,109
2023-05-16,SKU_03,28.89,0,0.0,0,0,99
2023-05-17,SKU_03,24.47,0,0.0,0,0,121
2023-05-18,SKU_03,24.15,0,0.0,0,0,157
2023-05-19,SKU_03,24.14,0,0.0,0,0,181
2023-05-20,SKU_03,21.42,0,0.0,1,0,200
2023-05-21,SKU_03,24.63,0,0.0,1,0,152
2023-05-22,SKU_03,25.13,0,0.0,0,0,124
2023-05-23,SKU_03,24.28,0,0.0,0,0,133
2023-05-24,SKU_03,22.75,0,0.0,0,0,150
2023-05-25,SKU_03,22.46,0,0.0,0,0,179
2023-05-26,SKU_03,21.02,0,0.0,0,0,221
2023-05-27,SKU_03,20.19,0,0.0,1,0,233
2023-05-28,SKU_03,21.35,0,0.0,1,0,192
2023-05-29,SKU_03,19.4,0,0.0,0,0,164
2023-05-30,SKU_03,20.77,0,0.0,0,0,156
2023-05-31,SKU_03,21.1,0,0.0,0,0,174
2023-06-01,SKU_03,21.36,0,0.0,0,0,210
2023-06-02,SKU_03,22.56,0,0.0,0,0,237
2023-06-03,SKU_03,27.58,0,0.0,1,0,232
2023-06-04,SKU_03,25.63,0,0.0,1,0,202
2023-06-05,SKU_03,25.05,0,0.0,0,0,181
2023-06-06,SKU_03,25.39,0,0.0,0,0,168
2023-06-07,SKU_03,24.59,0,0.0,0,0,185
2023-06-08,SKU_03,23.28,0,0.0,0,0,225
2023-06-09,SKU_03,23.17,0,0.0,0,0,264
2023-06-10,SKU_03,25.14,0,0.0,1,0,269
2023-06-11,SKU_03,23.99,0,0.0,1,0,235
2023-06-12,SKU_03,23.77,0,0.0,0,0,188
2023-06-13,SKU_03,22.31,0,0.0,0,0,192
2023-06-14,SKU_03,19.99,0,0.0,0,0,225
2023-06-15,SKU_03,19.54,0,0.0,0,0,260
2023-06-16,SKU_03,19.19,0,0.0,0,0,298
2023-06-17,SKU_03,18.6,0,0.0,1,0,320
2023-06-18,SKU_03,18.21,0,0.0,1,0,277
2023-06-19,SKU_03,18.79,0,0.0,0,0,215
2023-06-20,SKU_03,18.93,0,0.0,0,0,223
2023-06-21,SKU_03,18.22,0,0.0,0,0,250
2023-06-22,SKU_03,16.61,0,0.0,0,0,302
2023-06-23,SKU_03,20.52,0,0.0,0,0,322
2023-06-24,SKU_03,18.48,0,0.0,1,0,359
2023-06-25,SKU_03,17.71,0,0.0,1,0,298
2023-06-26,SKU_03,17.78,0,0.0,0,0,242
2023-06-27,SKU_03,16.64,0,0.0,0,0,243
2023-06-28,SKU_03,17.32,0,0.0,0,0,255
2023-06-29,SKU_03,16.55,0,0.0,0,0,322
2023-06-30,SKU_03,15.86,1,0.177,0,0,663
2023-07-01,SKU_03,14.69,0,0.0,1,0,400
2023-07-02,SKU_03,15.51,0,0.0,1,0,341
2023-07-03,SKU_03,18.0,0,0.0,0,0,268
2023-07-04,SKU_03,20.34,0,0.0,0,0,248
2023-07-05,SKU_03,18.42,0,0.0,0,0,285
2023-07-06,SKU_03,18.14,0,0.0,0,0,333
2023-07-07,SKU_03,15.11,0,0.0,0,0,404
2023-07-08,SKU_03,14.0,0,0.0,1,0,432
2023-07-09,SKU_03,14.06,0,0.0,1,0,357
2023-07-10,SKU_03,14.77,0,0.0,0,0,290
2023-07-11,SKU_03,16.02,0,0.0,0,0,279
2023-07-12,SKU_03,13.92,0,0.0,0,0,325
2023-07-13,SKU_03,14.19,0,0.0,0,0,384
2023-07-14,SKU_03,15.06,0,0.0,0,0,433
2023-07-15,SKU_03,15.81,0,0.0,1,0,442
2023-07-16,SKU_03,17.48,0,0.0,1,0,366
2023-07-17,SKU_03,17.16,0,0.0,0,0,290
2023-07-18,SKU_03,15.74,0,0.0,0,0,283
2023-07-19,SKU_03,17.95,0,0.0,0,0,322
2023-07-20,SKU_03,18.25,0,0.0,0,0,373
2023-07-21,SKU_03,19.32,0,0.0,0,0,404
2023-07-22,SKU_03,19.98,0,0.0,1,0,432
2023-07-23,SKU_03,20.65,0,0.0,1,0,347
2023-07-24,SKU_03,20.45,0,0.0,0,0,299
2023-07-25,SKU_03,17.74,0,0.0,0,0,294
2023-07-26,SKU_03,18.66,0,0.0,0,0,321
2023-07-27,SKU_03,19.65,0,0.0,0,0,372
2023-07-28,SKU_03,17.28,0,0.0,0,0,448
2023-07-29,SKU_03,16.16,1,0.074,1,0,771
2023-07-30,SKU_03,15.08,0,0.0,1,0,411
2023-07-31,SKU_03,17.2,0,0.0,0,0,321
2023-08-01,SKU_03,18.09,0,0.0,0,0,300
2023-08-02,SKU_03,18.79,0,0.0,0,0,336
2023-08-03,SKU_03,17.21,0,0.0,0,0,404
2023-08-04,SKU_03,16.03,0,0.0,0,0,467
2023-08-05,SKU_03,15.29,0,0.0,1,0,506
2023-08-06,SKU_03,15.86,0,0.0,1,0,418
2023-08-07,SKU_03,17.22,0,0.0,0,0,332
2023-08-08,SKU_03,15.47,0,0.0,0,0,335
2023-08-09,SKU_03,15.99,0,0.0,0,0,367
2023-08-10,SKU_03,17.26,0,0.0,0,0,428
2023-08-11,SKU_03,17.16,0,0.0,0,0,488
2023-08-12,SKU_03,15.04,0,0.0,1,0,530
2023-08-13,SKU_03,16.15,0,0.0,1,0,448
2023-08-14,SKU_03,16.8,0,0.0,0,0,350
2023-08-15,SKU_03,17.41,0,0.0,0,0,339
2023-08-16,SKU_03,15.05,0,0.0,0,0,397
2023-08-17,SKU_03,16.44,0,0.0,0,0,456
2023-08-18,SKU_03,17.01,0,0.0,0,0,504
2023-08-19,SKU_03,18.11,0,0.0,1,0,521
2023-08-20,SKU_03,20.88,0,0.0,1,0,426
2023-08-21,SKU_03,20.51,0,0.0,0,0,334
2023-08-22,SKU_03,18.66,0,0.0,0,0,332
2023-08-23,SKU_03,17.13,0,0.0,0,0,392
2023-08-24,SKU_03,16.54,0,0.0,0,0,474
2023-08-25,SKU_03,16.26,0,0.0,0,0,558
2023-08-26,SKU_03,17.35,0,0.0,1,0,560
2023-08-27,SKU_03,15.59,0,0.0,1,0,489
2023-08-28,SKU_03,16.57,0,0.0,0,0,388
2023-08-29,SKU_03,17.82,0,0.0,0,0,364
2023-08-30,SKU_03,17.92,0,0.0,0,0,412
2023-08-31,SKU_03,17.87,0,0.0,0,0,485
2023-09-01,SKU_03,18.27,0,0.0,0,0,546
2023-09-02,SKU_03,18.35,0,0.0,1,0,580
2023-09-03,SKU_03,18.34,0,0.0,1,0,488
2023-09-04,SKU_03,19.8,0,0.0,0,0,379
2023-09-05,SKU_03,20.35,0,0.0,0,0,360
2023-09-06,SKU_03,23.17,0,0.0,0,0,402
2023-09-07,SKU_03,26.28,0,0.0,0,0,444
2023-09-08,SKU_03,26.92,0,0.0,0,0,506
2023-09-09,SKU_03,29.81,0,0.0,1,0,505
2023-09-10,SKU_03,26.92,0,0.0,1,0,444
2023-09-11,SKU_03,25.71,0,0.0,0,0,357
2023-09-12,SKU_03,25.06,0,0.0,0,0,358
2023-09-13,SKU_03,26.46,0,0.0,0,0,410
2023-09-14,SKU_03,25.9,0,0.0,0,0,468
2023-09-15,SKU_03,25.89,0,0.0,0,0,546
2023-09-16,SKU_03,27.41,0,0.0,1,0,561
2023-09-17,SKU_03,35.78,0,0.0,1,0,419
2023-09-18,SKU_03,38.4,0,0.0,0,0,339
2023-09-19,SKU_03,38.24,0,0.0,0,0,322
2023-09-20,SKU_03,36.49,0,0.0,0,0,377
2023-09-21,SKU_03,38.26,0,0.0,0,0,426
2023-09-22,SKU_03,39.47,1,0.096,0,0,800
2023-09-23,SKU_03,39.66,0,0.0,1,0,522
2023-09-24,SKU_03,42.77,0,0.0,1,0,415
2023-09-25,SKU_03,36.9,0,0.0,0,0,359
2023-09-26,SKU_03,40.05,0,0.0,0,0,344
2023-09-27,SKU_03,40.49,0,0.0,0,0,367
2023-09-28,SKU_03,37.35,0,0.0,0,0,454
2023-09-29,SKU_03,36.37,0,0.0,0,0,532
2023-09-30,SKU_03,34.34,0,0.0,1,0,576
2023-10-01,SKU_03,34.16,0,0.0,1,0,481
2023-10-02,SKU_03,33.17,0,0.0,0,0,396
2023-10-03,SKU_03,32.43,0,0.0,0,0,393
2023-10-04,SKU_03,36.75,0,0.0,0,0,420
2023-10-05,SKU_03,36.61,0,0.0,0,0,500
2023-10-06,SKU_03,37.17,0,0.0,0,0,555
2023-10-07,SKU_03,35.58,0,0.0,1,0,608
2023-10-08,SKU_03,39.37,0,0.0,1,0,487
2023-10-09,SKU_03,37.06,0,0.0,0,0,404
2023-10-10,SKU_03,35.44,0,0.0,0,0,405
2023-10-11,SKU_03,31.32,0,0.0,0,0,473
2023-10-12,SKU_03,31.12,0,0.0,0,0,562
2023-10-13,SKU_03,29.88,0,0.0,0,0,653
2023-10-14,SKU_03,27.22,0,0.0,1,0,709
2023-10-15,SKU_03,22.08,0,0.0,1,0,651
2023-10-16,SKU_03,21.11,0,0.0,0,0,534
2023-10-17,SKU_03,24.95,0,0.0,0,0,487
2023-10-18,SKU_03,27.84,0,0.0,0,0,518
2023-10-19,SKU_03,28.43,0,0.0,0,0,610
2023-10-20,SKU_03,28.42,0,0.0,0,0,713
2023-10-21,SKU_03,28.23,0,0.0,1,0,754
2023-10-22,SKU_03,30.25,0,0.0,1,0,612
2023-10-23,SKU_03,27.13,0,0.0,0,0,516
2023-10-24,SKU_03,26.69,0,0.0,0,0,502
2023-10-25,SKU_03,24.46,0,0.0,0,0,598
2023-10-26,SKU_03,26.86,0,0.0,0,0,670
2023-10-27,SKU_03,27.5,0,0.0,0,0,762
2023-10-28,SKU_03,26.32,0,0.0,1,0,813
2023-10-29,SKU_03,27.82,0,0.0,1,0,680
2023-10-30,SKU_03,27.78,0,0.0,0,0,549
2023-10-31,SKU_03,27.8,0,0.0,0,0,535
2023-11-01,SKU_03,33.02,0,0.0,0,0,571
2023-11-02,SKU_03,32.86,0,0.0,0,0,674
2023-11-03,SKU_03,31.72,0,0.0,0,0,780
2023-11-04,SKU_03,28.88,0,0.0,1,0,855
2023-11-05,SKU_03,29.89,0,0.0,1,0,706
2023-11-06,SKU_03,29.65,0,0.0,0,0,572
2023-11-07,SKU_03,29.99,0,0.0,0,0,563
2023-11-08,SKU_03,29.04,0,0.0,0,0,634
2023-11-09,SKU_03,31.6,0,0.0,0,0,725
2023-11-10,SKU_03,31.62,0,0.0,0,0,839
2023-11-11,SKU_03,27.68,0,0.0,1,0,928
2023-11-12,SKU_03,27.27,0,0.0,1,0,781
2023-11-13,SKU_03,28.2,0,0.0,0,0,630
2023-11-14,SKU_03,31.4,0,0.0,0,0,588
2023-11-15,SKU_03,30.94,0,0.0,0,0,676
2023-11-16,SKU_03,33.41,0,0.0,0,0,777
2023-11-17,SKU_03,32.54,0,0.0,0,0,883
2023-11-18,SKU_03,31.92,0,0.0,1,0,937
2023-11-19,SKU_03,34.48,0,0.0,1,0,771
2023-11-20,SKU_03,35.94,0,0.0,0,0,613
2023-11-21,SKU_03,31.73,0,0.0,0,0,628
2023-11-22,SKU_03,31.95,0,0.0,0,0,707
2023-11-23,SKU_03,32.09,0,0.0,0,0,829
2023-11-24,SKU_03,37.81,0,0.0,0,0,898
2023-11-25,SKU_03,35.1,0,0.0,1,0,970
2023-11-26,SKU_03,32.56,0,0.0,1,0,843
2023-11-27,SKU_03,36.3,0,0.0,0,0,654
2023-11-28,SKU_03,36.47,0,0.0,0,0,634
2023-11-29,SKU_03,38.04,0,0.0,0,0,709
2023-11-30,SKU_03,39.63,0,0.0,0,0,839
2023-12-01,SKU_03,40.08,0,0.0,0,0,940
2023-12-02,SKU_03,37.75,0,0.0,1,0,1013
2023-12-03,SKU_03,38.19,0,0.0,1,0,855
2023-12-04,SKU_03,38.35,0,0.0,0,0,675
2023-12-05,SKU_03,33.32,0,0.0,0,0,702
2023-12-06,SKU_03,32.34,0,0.0,0,0,796
2023-12-07,SKU_03,31.63,0,0.0,0,0,947
2023-12-08,SKU_03,30.65,0,0.0,0,0,1097
2023-12-09,SKU_03,27.49,0,0.0,1,0,1198
2023-12-10,SKU_03,27.86,0,0.0,1,0,1007
2023-12-11,SKU_03,30.22,0,0.0,0,0,778
2023-12-12,SKU_03,27.69,0,0.0,0,0,797
2023-12-13,SKU_03,25.41,0,0.0,0,0,934
2023-12-14,SKU_03,26.26,0,0.0,0,0,1081
2023-12-15,SKU_03,23.91,0,0.0,0,0,1281
2023-12-16,SKU_03,25.1,0,0.0,1,0,1330
2023-12-17,SKU_03,21.34,0,0.0,1,0,1180
2023-12-18,SKU_03,21.92,0,0.0,0,0,945
2023-12-19,SKU_03,23.51,0,0.0,0,0,897
2023-12-20,SKU_03,28.03,0,0.0,0,0,936
2023-12-21,SKU_03,28.16,0,0.0,0,0,1115
2023-12-22,SKU_03,29.3,0,0.0,0,0,1258
2023-12-23,SKU_03,31.73,0,0.0,1,0,1304
2023-12-24,SKU_03,30.13,0,0.0,1,0,1111
2023-12-25,SKU_03,35.18,0,0.0,0,0,855
2023-12-26,SKU_03,34.22,0,0.0,0,0,830
2023-12-27,SKU_03,33.63,0,0.0,0,0,937
2023-12-28,SKU_03,34.15,0,0.0,0,0,1106
2023-12-29,SKU_03,37.65,0,0.0,0,0,1220
2023-12-30,SKU_03,37.61,0,0.0,1,0,1288
2023-12-31,SKU_03,39.14,0,0.0,1,0,1079
2024-01-01,SKU_03,42.83,0,0.0,0,1,1003
2024-01-02,SKU_03,40.39,0,0.0,0,0,832
2024-01-03,SKU_03,41.59,0,0.0,0,0,926
2024-01-04,SKU_03,41.85,0,0.0,0,0,103
2024-01-05,SKU_03,40.51,0,0.0,0,0,1255
2024-01-06,SKU_03,40.83,0,0.0,1,0,1323
2024-01-07,SKU_03,41.19,0,0.0,1,1,1333
2024-01-08,SKU_03,41.01,0,0.0,0,0,889
2024-01-09,SKU_03,38.79,0,0.0,0,0,893
2024-01-10,SKU_03,38.09,0,0.0,0,0,999
2024-01-11,SKU_03,38.47,0,0.0,0,0,1173
2024-01-12,SKU_03,38.49,0,0.0,0,0,1347
2024-01-13,SKU_03,41.01,0,0.0,1,0,1379
2024-01-14,SKU_03,41.8,0,0.0,1,0,1161
2024-01-15,SKU_03,35.85,0,0.0,0,0,990
2024-01-16,SKU_03,37.48,0,0.0,0,0,934
2024-01-17,SKU_03,41.08,0,0.0,0,0,1040
2024-01-18,SKU_03,40.42,0,0.0,0,0,1203
2024-01-19,SKU_03,40.42,0,0.0,0,0,1386
2024-01-20,SKU_03,44.25,0,0.0,1,0,1407
2024-01-21,SKU_03,38.3,0,0.0,1,0,1242
2024-01-22,SKU_03,36.95,0,0.0,0,0,1010
2024-01-23,SKU_03,37.19,0,0.0,0,0,986
2024-01-24,SKU_03,31.57,0,0.0,0,0,1174
2024-01-25,SKU_03,30.62,0,0.0,0,0,1392
2024-01-26,SKU_03,29.51,0,0.0,0,0,1621
2024-01-27,SKU_03,28.22,0,0.0,1,0,1723
2024-01-28,SKU_03,30.77,0,0.0,1,0,1400
2024-01-29,SKU_03,32.27,0,0.0,0,0,1106
2024-01-30,SKU_03,32.1,0,0.0,0,0,1081
2024-01-31,SKU_03,33.36,0,0.0,0,0,1199
2024-02-01,SKU_03,34.18,0,0.0,0,0,1398
2024-02-02,SKU_03,33.61,0,0.0,0,0,1603
2024-02-03,SKU_03,34.13,0,0.0,1,0,1688
2024-02-04,SKU_03,33.58,0,0.0,1,0,1404
2024-02-05,SKU_03,34.51,0,0.0,0,0,1138
2024-02-06,SKU_03,32.84,0,0.0,0,0,1116
2024-02-07,SKU_03,28.69,0,0.0,0,0,1319
2024-02-08,SKU_03,28.97,0,0.0,0,0,1537
2024-02-09,SKU_03,32.59,0,0.0,0,0,1686
2024-02-10,SKU_03,35.52,0,0.0,1,0,1710
2024-02-11,SKU_03,35.56,0,0.0,1,0,1444
2024-02-12,SKU_03,34.61,0,0.0,0,0,1169
2024-02-13,SKU_03,32.51,0,0.0,0,0,1163
2024-02-14,SKU_03,34.17,0,0.0,0,0,1285
2024-02-15,SKU_03,30.77,0,0.0,0,0,1562
2024-02-16,SKU_03,29.11,0,0.0,0,0,1801
2024-02-17,SKU_03,31.06,1,0.286,1,0,3574
2024-02-18,SKU_03,30.43,0,0.0,1,0,1567
2024-02-19,SKU_03,30.78,0,0.0,0,0,1254
2024-02-20,SKU_03,31.32,0,0.0,0,0,1213
2024-02-21,SKU_03,28.35,0,0.0,0,0,1401
2024-02-22,SKU_03,26.41,0,0.0,0,0,1694
2024-02-23,SKU_03,28.25,0,0.0,0,1,2260
2024-02-24,SKU_03,26.91,0,0.0,1,0,2011
2024-02-25,SKU_03,29.25,0,0.0,1,0,1623
2024-02-26,SKU_03,30.79,0,0.0,0,0,1283
2024-02-27,SKU_03,27.39,0,0.0,0,0,1309
2024-02-28,SKU_03,28.75,0,0.0,0,0,1439
2024-02-29,SKU_03,28.7,0,0.0,0,0,1690
2024-03-01,SKU_03,27.22,0,0.0,0,0,1948
2024-03-02,SKU_03,26.53,0,0.0,1,0,2056
2024-03-03,SKU_03,27.38,0,0.0,1,0,1713
2024-03-04,SKU_03,25.25,0,0.0,0,0,1409
2024-03-05,SKU_03,24.92,0,0.0,0,0,1388
2024-03-06,SKU_03,25.98,0,0.0,0,0,1523
2024-03-07,SKU_03,28.89,0,0.0,0,0,1721
2024-03-08,SKU_03,26.06,0,0.0,0,1,2439
2024-03-09,SKU_03,23.62,0,0.0,1,0,2211
2024-03-10,SKU_03,22.0,0,0.0,1,0,1887
2024-03-11,SKU_03,20.55,0,0.0,0,0,1565
2024-03-12,SKU_03,21.38,0,0.0,0,0,1486
2024-03-13,SKU_03,22.45,0,0.0,0,0,1641
2024-03-14,SKU_03,22.94,0,0.0,0,0,1895
2024-03-15,SKU_03,24.36,0,0.0,0,0,2122
2024-03-16,SKU_03,24.92,0,0.0,1,0,2190
2024-03-17,SKU_03,22.96,0,0.0,1,0,1894
2024-03-18,SKU_03,23.4,0,0.0,0,0,1504
2024-03-19,SKU_03,20.54,1,0.24,0,0,2841
2024-03-20,SKU_03,20.45,0,0.0,0,0,1716
2024-03-21,SKU_03,20.67,0,0.0,0,0,1988
2024-03-22,SKU_03,20.35,0,0.0,0,0,2287
2024-03-23,SKU_03,21.43,0,0.0,1,0,2353
2024-03-24,SKU_03,21.0,0,0.0,1,0,1979
2024-03-25,SKU_03,21.7,0,0.0,0,0,1575
2024-03-26,SKU_03,21.85,0,0.0,0,0,1514
2024-03-27,SKU_03,22.66,0,0.0,0,0,1677
2024-03-28,SKU_03,17.75,0,0.0,0,0,2123
2024-03-29,SKU_03,17.31,0,0.0,0,0,2451
2024-03-30,SKU_03,19.9,0,0.0,1,0,2436
2024-03-31,SKU_03,20.52,0,0.0,1,0,2019
2024-04-01,SKU_03,20.63,0,0.0,0,0,1610
2024-04-02,SKU_03,21.01,0,0.0,0,0,1549
2024-04-03,SKU_03,19.16,0,0.0,0,0,1792
2024-04-04,SKU_03,19.93,0,0.0,0,0,2068
2024-04-05,SKU_03,21.96,0,0.0,0,0,2281
2024-04-06,SKU_03,23.2,0,0.0,1,0,2333
2024-04-07,SKU_03,21.34,0,0.0,1,0,2004
2024-04-08,SKU_03,21.06,0,0.0,0,0,1617
2024-04-09,SKU_03,18.83,0,0.0,0,0,1619
2024-04-10,SKU_03,19.21,0,0.0,0,0,1801
2024-04-11,SKU_03,18.21,0,0.0,0,0,2142
2024-04-12,SKU_03,18.11,0,0.0,0,0,2436
2024-04-13,SKU_03,18.89,0,0.0,1,0,2516
2024-04-14,SKU_03,19.02,0,0.0,1,0,2084
2024-04-15,SKU_03,19.86,0,0.0,0,0,1647
2024-04-16,SKU_03,19.22,0,0.0,0,0,1607
2024-04-17,SKU_03,18.85,0,0.0,0,0,1812
2024-04-18,SKU_03,18.4,0,0.0,0,0,2133
2024-04-19,SKU_03,18.33,0,0.0,0,0,2433
2024-04-20,SKU_03,18.02,0,0.0,1,0,2548
2024-04-21,SKU_03,20.01,0,0.0,1,0,2049
2024-04-22,SKU_03,23.3,0,0.0,0,0,1553
2024-04-23,SKU_03,21.91,0,0.0,0,0,1533
2024-04-24,SKU_03,20.98,0,0.0,0,0,1740
2024-04-25,SKU_03,20.6,0,0.0,0,0,2046
2024-04-26,SKU_03,22.57,0,0.0,0,0,2259
2024-04-27,SKU_03,21.21,0,0.0,1,0,2395
2024-04-28,SKU_03,20.3,0,0.0,1,0,2024
2024-04-29,SKU_03,19.75,0,0.0,0,0,1642
2024-04-30,SKU_03,20.1,0,0.0,0,0,1578
2024-05-01,SKU_03,23.93,0,0.0,0,1,1992
2024-05-02,SKU_03,28.0,0,0.0,0,1,2201
2024-05-03,SKU_03,30.06,0,0.0,0,0,2038
2024-05-04,SKU_03,31.58,1,0.155,1,0,3591
2024-05-05,SKU_03,30.23,0,0.0,1,0,1749
2024-05-06,SKU_03,32.64,0,0.0,0,0,1378
2024-05-07,SKU_03,31.76,0,0.0,0,0,1329
2024-05-08,SKU_03,30.99,0,0.0,0,0,1504
2024-05-09,SKU_03,26.84,0,0.0,0,1,2209
2024-05-10,SKU_03,25.0,0,0.0,0,0,2150
2024-05-11,SKU_03,25.09,0,0.0,1,0,2233
2024-05-12,SKU_03,24.13,0,0.0,1,0,1888
2024-05-13,SKU_03,20.73,0,0.0,0,0,1597
2024-05-14,SKU_03,19.96,0,0.0,0,0,1559
2024-05-15,SKU_03,21.6,0,0.0,0,0,1690
2024-05-16,SKU_03,19.04,0,0.0,0,0,2057
2024-05-17,SKU_03,18.28,0,0.0,0,0,2369
2024-05-18,SKU_03,18.87,0,0.0,1,0,2432
2024-05-19,SKU_03,23.07,0,0.0,1,0,1895
2024-05-20,SKU_03,21.69,0,0.0,0,0,1551
2024-05-21,SKU_03,20.14,0,0.0,0,0,1532
2024-05-22,SKU_03,20.73,0,0.0,0,0,1693
2024-05-23,SKU_03,19.0,0,0.0,0,0,2024
2024-05-24,SKU_03,19.39,0,0.0,0,0,2301
2024-05-25,SKU_03,20.17,0,0.0,1,0,2357
2024-05-26,SKU_03,19.15,1,0.275,1,0,3810
2024-05-27,SKU_03,19.84,0,0.0,0,0,1572
2024-05-28,SKU_03,20.08,0,0.0,0,0,1511
2024-05-29,SKU_03,21.6,0,0.0,0,0,1655
2024-05-30,SKU_03,22.75,0,0.0,0,0,1876
2024-05-31,SKU_03,20.99,0,0.0,0,0,2192
2024-06-01,SKU_03,23.93,0,0.0,1,0,2183
2024-06-02,SKU_03,27.26,0,0.0,1,0,1731
2024-06-03,SKU_03,25.55,0,0.0,0,0,1416
2024-06-04,SKU_03,28.46,0,0.0,0,0,1313
2024-06-05,SKU_03,27.13,0,0.0,0,0,1505
2024-06-06,SKU_03,30.95,1,0.173,0,0,233
2024-06-07,SKU_03,31.89,0,0.0,0,0,1864
2024-06-08,SKU_03,30.86,0,0.0,1,0,1965
2024-06-09,SKU_03,32.24,0,0.0,1,0,1605
2024-06-10,SKU_03,31.66,0,0.0,0,0,1280
2024-06-11,SKU_03,30.76,0,0.0,0,0,1257
2024-06-12,SKU_03,23.91,0,0.0,0,0,1536
2024-06-13,SKU_03,19.8,0,0.0,0,0,1901
2024-06-14,SKU_03,18.88,0,0.0,0,0,2202
2024-06-15,SKU_03,19.68,0,0.0,1,0,2259
2024-06-16,SKU_03,19.29,0,0.0,1,0,1877
2024-06-17,SKU_03,20.94,0,0.0,0,0,1465
2024-06-18,SKU_03,20.3,0,0.0,0,0,1425
2024-06-19,SKU_03,21.99,0,0.0,0,0,1552
2024-06-20,SKU_03,21.23,0,0.0,0,0,1825
2024-06-21,SKU_03,22.56,0,0.0,0,0,2031
2024-06-22,SKU_03,20.61,1,0.122,1,0,3658
2024-06-23,SKU_03,19.23,0,0.0,1,0,1862
2024-06-24,SKU_03,18.75,0,0.0,0,0,1490
2024-06-25,SKU_03,18.25,0,0.0,0,0,1460
2024-06-26,SKU_03,20.28,0,0.0,0,0,1577
2024-06-27,SKU_03,19.37,0,0.0,0,0,1858
2024-06-28,SKU_03,19.55,0,0.0,0,0,2103
2024-06-29,SKU_03,20.52,0,0.0,1,0,2147
2024-06-30,SKU_03,20.98,0,0.0,1,0,1770
2024-07-01,SKU_03,21.04,0,0.0,0,0,1408
2024-07-02,SKU_03,21.92,0,0.0,0,0,1337
2024-07-03,SKU_03,20.33,0,0.0,0,0,1546
2024-07-04,SKU_03,19.71,0,0.0,0,0,1823
2024-07-05,SKU_03,17.21,0,0.0,0,0,2164
2024-07-06,SKU_03,18.84,0,0.0,1,0,2167
2024-07-07,SKU_03,20.91,0,0.0,1,0,1733
2024-07-08,SKU_03,20.99,0,0.0,0,0,1385
2024-07-09,SKU_03,21.34,0,0.0,0,0,1327
2024-07-10,SKU_03,22.41,0,0.0,0,0,1462
2024-07-11,SKU_03,25.49,0,0.0,0,0,1623
2024-07-12,SKU_03,26.03,0,0.0,0,0,1840
2024-07-13,SKU_03,24.02,0,0.0,1,0,1974
2024-07-14,SKU_03,23.54,0,0.0,1,0,1635
2024-07-15,SKU_03,22.16,0,0.0,0,0,1343
2024-07-16,SKU_03,25.45,0,0.0,0,0,1235
2024-07-17,SKU_03,24.59,0,0.0,0,0,1396
2024-07-18,SKU_03,20.72,0,0.0,0,0,1730
2024-07-19,SKU_03,21.01,0,0.0,0,0,1940
2024-07-20,SKU_03,22.35,0,0.0,1,0,1989
2024-07-21,SKU_03,24.02,0,0.0,1,0,1612
2024-07-22,SKU_03,24.75,0,0.0,0,0,1272
2024-07-23,SKU_03,25.02,0,0.0,0,0,1223
2024-07-24,SKU_03,26.15,0,0.0,0,0,1344
2024-07-25,SKU_03,23.37,0,0.0,0,0,1621
2024-07-26,SKU_03,26.45,0,0.0,0,0,1769
2024-07-27,SKU_03,24.63,0,0.0,1,0,1888
2024-07-28,SKU_03,27.75,0,0.0,1,0,1511
2024-07-29,SKU_03,29.39,0,0.0,0,0,1183
2024-07-30,SKU_03,32.09,0,0.0,0,0,1109
2024-07-31,SKU_03,32.29,0,0.0,0,0,1237
2024-08-01,SKU_03,36.03,0,0.0,0,0,1380
2024-08-02,SKU_03,41.27,0,0.0,0,0,1499
2024-08-03,SKU_03,38.22,0,0.0,1,0,1614
2024-08-04,SKU_03,38.2,0,0.0,1,0,1338
2024-08-05,SKU_03,40.73,0,0.0,0,0,1046
2024-08-06,SKU_03,38.65,0,0.0,0,0,1033
2024-08-07,SKU_03,35.92,0,0.0,0,0,1181
2024-08-08,SKU_03,35.58,0,0.0,0,0,1373
2024-08-09,SKU_03,33.34,0,0.0,0,0,1609
2024-08-10,SKU_03,37.21,0,0.0,1,0,1612
2024-08-11,SKU_03,36.38,0,0.0,1,0,1354
2024-08-12,SKU_03,39.87,0,0.0,0,0,1043
2024-08-13,SKU_03,39.3,0,0.0,0,0,1024
2024-08-14,SKU_03,40.89,0,0.0,0,0,1136
2024-08-15,SKU_03,36.67,0,0.0,0,0,1364
2024-08-16,SKU_03,35.24,0,0.0,0,0,1573
2024-08-17,SKU_03,38.4,0,0.0,1,0,1596
2024-08-18,SKU_03,39.4,0,0.0,1,0,1325
2024-08-19,SKU_03,40.94,0,0.0,0,0,1042
2024-08-20,SKU_03,40.32,0,0.0,0,0,1014
2024-08-21,SKU_03,40.63,0,0.0,0,0,1146
2024-08-22,SKU_03,44.15,0,0.0,0,0,1287
2024-08-23,SKU_03,46.7,0,0.0,0,0,1433
2024-08-24,SKU_03,46.39,0,0.0,1,0,1499
2024-08-25,SKU_03,49.22,0,0.0,1,0,1225
2024-08-26,SKU_03,53.13,0,0.0,0,0,1855
2024-08-27,SKU_03,50.98,0,0.0,0,0,942
2024-08-28,SKU_03,47.13,0,0.0,0,0,1087
2024-08-29,SKU_03,49.95,0,0.0,0,0,1236
2024-08-30,SKU_03,50.6,0,0.0,0,0,1395
2024-08-31,SKU_03,49.36,0,0.0,1,0,1484
2024-09-01,SKU_03,48.93,0,0.0,1,0,1237
2024-09-02,SKU_03,45.14,0,0.0,0,0,1030
2024-09-03,SKU_03,50.88,0,0.0,0,0,953
2024-09-04,SKU_03,48.29,0,0.0,0,0,1077
2024-09-05,SKU_03,43.81,0,0.0,0,0,1306
2024-09-06,SKU_03,36.89,0,0.0,0,0,1578
2024-09-07,SKU_03,32.98,0,0.0,1,0,1728
2024-09-08,SKU_03,32.38,0,0.0,1,0,1455
2024-09-09,SKU_03,29.93,0,0.0,0,0,112
2024-09-10,SKU_03,28.07,0,0.0,0,0,1195
2024-09-11,SKU_03,24.11,0,0.0,0,0,1423
2024-09-12,SKU_03,24.46,0,0.0,0,0,1643
2024-09-13,SKU_03,25.45,0,0.0,0,0,1838
2024-09-14,SKU_03,25.16,0,0.0,1,0,1936
2024-09-15,SKU_03,23.19,0,0.0,1,0,1662
2024-09-16,SKU_03,20.17,0,0.0,0,0,1404
2024-09-17,SKU_03,18.21,0,0.0,0,0,1418
2024-09-18,SKU_03,19.51,0,0.0,0,0,1551
2024-09-19,SKU_03,18.39,0,0.0,0,0,1849
2024-09-20,SKU_03,18.39,0,0.0,0,0,2119
2024-09-21,SKU_03,20.23,0,0.0,1,0,2146
2024-09-22,SKU_03,16.93,0,0.0,1,0,1912
2024-09-23,SKU_03,14.76,0,0.0,0,0,1613
2024-09-24,SKU_03,16.38,0,0.0,0,0,1519
2024-09-25,SKU_03,17.49,0,0.0,0,0,1658
2024-09-26,SKU_03,20.27,0,0.0,0,0,1833
2024-09-27,SKU_03,19.99,0,0.0,0,0,2108
2024-09-28,SKU_03,22.15,0,0.0,1,0,2137
2024-09-29,SKU_03,23.3,0,0.0,1,0,1752
2024-09-30,SKU_03,23.52,0,0.0,0,0,1417
2024-10-01,SKU_03,22.05,0,0.0,0,0,1398
2024-10-02,SKU_03,21.73,0,0.0,0,0,1593
2024-10-03,SKU_03,23.24,0,0.0,0,0,1812
2024-10-04,SKU_03,23.85,0,0.0,0,0,2053
2024-10-05,SKU_03,20.3,0,0.0,1,0,2283
2024-10-06,SKU_03,19.78,0,0.0,1,0,1929
2024-10-07,SKU_03,22.23,0,0.0,0,0,1494
2024-10-08,SKU_03,21.28,0,0.0,0,0,1471
2024-10-09,SKU_03,19.32,0,0.0,0,0,1719
2024-10-10,SKU_03,21.53,0,0.0,0,0,1941
2024-10-11,SKU_03,20.81,0,0.0,0,0,2240
2024-10-12,SKU_03,20.02,0,0.0,1,0,2394
2024-10-13,SKU_03,19.26,0,0.0,1,0,2021
2024-10-14,SKU_03,20.7,0,0.0,0,0,1591
2024-10-15,SKU_03,21.14,0,0.0,0,0,1530
2024-10-16,SKU_03,20.76,0,0.0,0,0,1733
2024-10-17,SKU_03,23.88,0,0.0,0,0,1929
2024-10-18,SKU_03,23.46,0,0.0,0,0,2234
2024-10-19,SKU_03,23.25,0,0.0,1,0,2353
2024-10-20,SKU_03,26.39,0,0.0,1,0,1881
2024-10-21,SKU_03,25.48,0,0.0,0,0,1536
2024-10-22,SKU_03,23.77,0,0.0,0,0,1536
2024-10-23,SKU_03,20.43,0,0.0,0,0,1821
2024-10-24,SKU_03,22.14,0,0.0,0,0,2079
2024-10-25,SKU_03,20.86,0,0.0,0,0,2428
2024-10-26,SKU_03,21.54,0,0.0,1,0,2529
2024-10-27,SKU_03,22.41,0,0.0,1,0,2095
2024-10-28,SKU_03,23.98,0,0.0,0,0,1629
2024-10-29,SKU_03,21.14,0,0.0,0,0,1664
2024-10-30,SKU_03,20.36,0,0.0,0,0,1912
2024-10-31,SKU_03,20.65,0,0.0,0,0,2218
2024-11-01,SKU_03,20.3,0,0.0,0,0,2573
2024-11-02,SKU_03,20.32,0,0.0,1,0,2698
2024-11-03,SKU_03,21.89,0,0.0,1,0,2206
2024-11-04,SKU_03,21.61,0,0.0,0,0,1782
2024-11-05,SKU_03,23.38,0,0.0,0,0,1688
2024-11-06,SKU_03,22.47,0,0.0,0,0,1926
2024-11-07,SKU_03,19.38,0,0.0,0,0,2385
2024-11-08,SKU_03,20.97,0,0.0,0,0,2660
2024-11-09,SKU_03,20.37,0,0.0,1,0,2827
2024-11-10,SKU_03,21.18,0,0.0,1,0,2345
2024-11-11,SKU_03,20.38,0,0.0,0,0,1913
2024-11-12,SKU_03,21.49,0,0.0,0,0,1823
2024-11-13,SKU_03,21.88,0,0.0,0,0,2042
2024-11-14,SKU_03,21.16,0,0.0,0,0,2413
2024-11-15,SKU_03,21.12,0,0.0,0,0,2769
2024-11-16,SKU_03,18.98,0,0.0,1,0,3040
2024-11-17,SKU_03,17.95,0,0.0,1,0,2586
2024-11-18,SKU_03,17.01,0,0.0,0,0,2126
2024-11-19,SKU_03,17.54,0,0.0,0,0,2048
2024-11-20,SKU_03,17.82,0,0.0,0,0,2295
2024-11-21,SKU_03,20.26,0,0.0,0,0,2579
2024-11-22,SKU_03,18.02,0,0.0,0,0,3078
2024-11-23,SKU_03,16.37,0,0.0,1,0,3339
2024-11-24,SKU_03,17.17,0,0.0,1,0,2758
2024-11-25,SKU_03,18.74,0,0.0,0,0,2156
2024-11-26,SKU_03,20.63,0,0.0,0,0,2799
2024-11-27,SKU_03,14.73,0,0.0,0,0,2579
2024-11-28,SKU_03,15.01,0,0.0,0,0,3003
2024-11-29,SKU_03,15.61,0,0.0,0,0,3388
2024-11-30,SKU_03,16.75,0,0.0,1,0,3468
2024-12-01,SKU_03,19.62,0,0.0,1,0,2769
2024-12-02,SKU_03,19.99,0,0.0,0,0,2205
2024-12-03,SKU_03,19.51,0,0.0,0,0,2161
2024-12-04,SKU_03,17.13,0,0.0,0,0,2560
2024-12-05,SKU_03,19.11,0,0.0,0,0,2875
2024-12-06,SKU_03,16.02,0,0.0,0,0,3517
2024-12-07,SKU_03,15.7,0,0.0,1,0,3720
2024-12-08,SKU_03,15.14,0,0.0,1,0,3166
2024-12-09,SKU_03,14.11,0,0.0,0,0,2602
2024-12-10,SKU_03,15.51,0,0.0,0,0,2441
2024-12-11,SKU_03,16.74,0,0.0,0,0,2694
2024-12-12,SKU_03,15.74,0,0.0,0,0,3238
2024-12-13,SKU_03,15.29,0,0.0,0,0,3728
2024-12-14,SKU_03,17.02,0,0.0,1,0,3767
2024-12-15,SKU_03,18.19,0,0.0,1,0,3098
2024-12-16,SKU_03,16.68,0,0.0,0,0,2569
2024-12-17,SKU_03,16.81,0,0.0,0,0,2497
2024-12-18,SKU_03,17.2,0,0.0,0,0,2785
2024-12-19,SKU_03,18.33,0,0.0,0,0,3182
2024-12-20,SKU_03,18.71,0,0.0,0,0,3622
2024-12-21,SKU_03,19.42,0,0.0,1,0,3758
2024-12-22,SKU_03,20.32,0,0.0,1,0,3101
2024-12-23,SKU_03,18.18,0,0.0,0,0,2577
2024-12-24,SKU_03,19.34,0,0.0,0,0,2474
2024-12-25,SKU_03,18.37,0,0.0,0,0,2834
2024-12-26,SKU_03,17.25,0,0.0,0,0,3397
2024-12-27,SKU_03,15.1,0,0.0,0,0,285
2024-12-28,SKU_03,15.22,0,0.0,1,0,287
2024-12-29,SKU_03,14.54,0,0.0,1,0,3626
2024-12-30,SKU_03,13.61,0,0.0,0,0,2986
2024-12-31,SKU_03,14.13,0,0.0,0,0,2860
2025-01-01,SKU_03,14.64,0,0.0,0,1,3816
2025-01-02,SKU_03,16.31,0,0.0,0,0,3584
2025-01-03,SKU_03,16.78,0,0.0,0,0,4054
2025-01-04,SKU_03,16.64,0,0.0,1,0,4268
2025-01-05,SKU_03,16.83,0,0.0,1,0,3571
2025-01-06,SKU_03,15.97,0,0.0,0,0,2918
2025-01-07,SKU_03,15.42,0,0.0,0,1,3461
2025-01-08,SKU_03,16.19,0,0.0,0,0,3181
2025-01-09,SKU_03,15.35,0,0.0,0,0,3798
2025-01-10,SKU_03,14.93,0,0.0,0,0,4390
2025-01-11,SKU_03,14.79,0,0.0,1,0,4611
2025-01-12,SKU_03,13.25,0,0.0,1,0,4011
2025-01-13,SKU_03,12.24,0,0.0,0,0,3317
2025-01-14,SKU_03,11.33,0,0.0,0,0,3315
2025-01-15,SKU_03,11.24,1,0.316,0,0,7391
2025-01-16,SKU_03,11.23,0,0.0,0,0,4379
2025-01-17,SKU_03,10.88,0,0.0,0,0,5060
2025-01-18,SKU_03,11.07,0,0.0,1,0,5266
2025-01-19,SKU_03,11.07,0,0.0,1,0,4415
2025-01-20,SKU_03,11.89,0,0.0,0,0,3454
2025-01-21,SKU_03,12.05,0,0.0,0,0,3340
2025-01-22,SKU_03,12.53,0,0.0,0,0,3712
2025-01-23,SKU_03,11.89,0,0.0,0,0,4418
2025-01-24,SKU_03,11.42,0,0.0,0,0,5114
2025-01-25,SKU_03,11.73,0,0.0,1,0,5318
2025-01-26,SKU_03,12.14,0,0.0,1,0,4401
2025-01-27,SKU_03,12.8,0,0.0,0,0,3465
2025-01-28,SKU_03,12.82,0,0.0,0,0,3357
2025-01-29,SKU_03,10.68,0,0.0,0,0,4039
2025-01-30,SKU_03,9.94,0,0.0,0,0,4828
2025-01-31,SKU_03,8.77,0,0.0,0,0,5769
2025-02-01,SKU_03,9.11,0,0.0,1,0,5966
2025-02-02,SKU_03,8.83,0,0.0,1,0,5038
2025-02-03,SKU_03,8.55,0,0.0,0,0,4090
2025-02-04,SKU_03,9.37,0,0.0,0,0,3855
2025-02-05,SKU_03,8.8,0,0.0,0,0,4436
2025-02-06,SKU_03,9.06,0,0.0,0,0,5124
2025-02-07,SKU_03,9.83,0,0.0,0,0,5679
2025-02-08,SKU_03,9.76,0,0.0,1,0,5965
2025-02-09,SKU_03,9.98,0,0.0,1,0,4947
2025-02-10,SKU_03,10.38,0,0.0,0,0,3917
2025-02-11,SKU_03,9.96,0,0.0,0,0,3851
2025-02-12,SKU_03,10.5,0,0.0,0,0,4256
2025-02-13,SKU_03,8.57,0,0.0,0,0,5335
2025-02-14,SKU_03,7.43,0,0.0,0,0,6381
2025-02-15,SKU_03,6.96,0,0.0,1,0,6845
2025-02-16,SKU_03,6.91,0,0.0,1,0,5749
2025-02-17,SKU_03,7.15,0,0.0,0,0,4556
2025-02-18,SKU_03,6.97,0,0.0,0,0,4454
2025-02-19,SKU_03,6.48,0,0.0,0,0,5129
2025-02-20,SKU_03,6.41,0,0.0,0,0,6004
2025-02-21,SKU_03,6.54,0,0.0,0,0,6812
2025-02-22,SKU_03,6.24,0,0.0,1,0,7244
2025-02-23,SKU_03,6.69,0,0.0,1,1,7087
2025-02-24,SKU_03,6.89,0,0.0,0,0,4682
2025-02-25,SKU_03,6.74,0,0.0,0,0,4577
2025-02-26,SKU_03,6.08,0,0.0,0,0,5321
2025-02-27,SKU_03,5.47,0,0.0,0,0,6446
2025-02-28,SKU_03,5.42,0,0.0,0,0,7378
2025-03-01,SKU_03,4.42,0,0.0,1,0,8276
2025-03-02,SKU_03,4.84,0,0.0,1,0,6698
2025-03-03,SKU_03,5.12,0,0.0,0,0,5261
2025-03-04,SKU_03,5.0,0,0.0,0,0,5153
2025-03-05,SKU_03,4.92,0,0.0,0,0,5799
2025-03-06,SKU_03,5.08,0,0.0,0,0,6704
2025-03-07,SKU_03,4.78,0,0.0,0,0,7801
2025-03-08,SKU_03,4.61,0,0.0,1,1,9897
2025-03-09,SKU_03,4.5,0,0.0,1,0,6937
2025-03-10,SKU_03,4.02,0,0.0,0,0,5785
2025-03-11,SKU_03,3.6,0,0.0,0,0,5826
2025-03-12,SKU_03,3.67,0,0.0,0,0,6492
2025-03-13,SKU_03,3.46,0,0.0,0,0,7729
2025-03-14,SKU_03,3.42,0,0.0,0,0,8825
2025-03-15,SKU_03,3.52,0,0.0,1,0,9126
2025-03-16,SKU_03,3.09,0,0.0,1,0,7990
2025-03-17,SKU_03,3.27,0,0.0,0,0,6270
2025-03-18,SKU_03,3.48,0,0.0,0,0,5920
2025-03-19,SKU_03,3.57,0,0.0,0,0,6586
2025-03-20,SKU_03,3.92,0,0.0,0,0,7430
2025-03-21,SKU_03,4.17,0,0.0,0,0,8269
2025-03-22,SKU_03,3.96,0,0.0,1,0,8793
2025-03-23,SKU_03,4.36,0,0.0,1,0,7085
2025-03-24,SKU_03,4.16,0,0.0,0,0,5779
2025-03-25,SKU_03,4.43,0,0.0,0,0,5460
2025-03-26,SKU_03,4.93,0,0.0,0,0,5895
2025-03-27,SKU_03,4.73,0,0.0,0,0,6959
2025-03-28,SKU_03,5.13,0,0.0,0,0,7715
2025-03-29,SKU_03,5.56,0,0.0,1,0,7815
2025-03-30,SKU_03,4.98,0,0.0,1,0,6772
2025-03-31,SKU_03,4.42,0,0.0,0,0,5653
2025-04-01,SKU_03,5.13,0,0.0,0,0,5175
2025-04-02,SKU_03,5.05,0,0.0,0,0,5828
2025-04-03,SKU_03,5.02,0,0.0,0,0,6813
2025-04-04,SKU_03,4.9,0,0.0,0,0,7821
2025-04-05,SKU_03,4.51,0,0.0,1,0,8390
2025-04-06,SKU_03,5.0,0,0.0,1,0,6748
2025-04-07,SKU_03,4.94,0,0.0,0,0,5416
2025-04-08,SKU_03,5.7,0,0.0,0,0,4985
2025-04-09,SKU_03,5.27,0,0.0,0,0,5729
2025-04-10,SKU_03,4.9,0,0.0,0,0,6841
2025-04-11,SKU_03,4.65,0,0.0,0,0,7914
2025-04-12,SKU_03,4.75,0,0.0,1,0,8189
2025-04-13,SKU_03,4.71,0,0.0,1,0,6855
2025-04-14,SKU_03,4.75,0,0.0,0,0,5447
2025-04-15,SKU_03,5.22,0,0.0,0,0,5112
2025-04-16,SKU_03,5.76,0,0.0,0,0,10031
2025-04-17,SKU_03,5.73,0,0.0,0,0,6421
2025-04-18,SKU_03,5.78,0,0.0,0,0,7285
2025-04-19,SKU_03,5.33,0,0.0,1,0,7806
2025-04-20,SKU_03,6.1,0,0.0,1,0,6208
2025-04-21,SKU_03,6.64,0,0.0,0,0,4809
2025-04-22,SKU_03,7.2,0,0.0,0,0,4511
2025-04-23,SKU_03,7.64,0,0.0,0,0,4945
2025-04-24,SKU_03,8.52,0,0.0,0,0,5526
2025-04-25,SKU_03,9.51,0,0.0,0,0,6042
2025-04-26,SKU_03,11.21,0,0.0,1,0,5942
2025-04-27,SKU_03,10.4,0,0.0,1,0,5089
2025-04-28,SKU_03,10.06,1,0.139,0,0,7009
2025-04-29,SKU_03,10.63,0,0.0,0,0,3904
2025-04-30,SKU_03,9.82,0,0.0,0,0,4471
2025-05-01,SKU_03,10.66,0,0.0,0,1,6068
2025-05-02,SKU_03,11.9,0,0.0,0,1,6620
2025-05-03,SKU_03,12.64,0,0.0,1,0,5620
2025-05-04,SKU_03,13.16,0,0.0,1,0,4621
2025-05-05,SKU_03,11.8,0,0.0,0,0,3841
2025-05-06,SKU_03,11.46,0,0.0,0,0,3745
2025-05-07,SKU_03,11.52,0,0.0,0,0,4157
2025-05-08,SKU_03,10.89,0,0.0,0,0,4935
2025-05-09,SKU_03,11.84,0,0.0,0,1,6535
2025-05-10,SKU_03,13.05,0,0.0,1,0,5479
2025-05-11,SKU_03,14.76,0,0.0,1,0,4361
2025-05-12,SKU_03,14.37,0,0.0,0,0,3516
2025-05-13,SKU_03,13.45,0,0.0,0,0,3478
2025-05-14,SKU_03,15.39,0,0.0,0,0,3699
2025-05-15,SKU_03,14.49,0,0.0,0,0,4380
2025-05-16,SKU_03,14.48,0,0.0,0,0,4981
2025-05-17,SKU_03,13.78,0,0.0,1,0,5266
2025-05-18,SKU_03,13.49,0,0.0,1,0,4420
2025-05-19,SKU_03,13.06,0,0.0,0,0,3557
2025-05-20,SKU_03,12.87,0,0.0,0,0,3458
2025-05-21,SKU_03,12.97,0,0.0,0,0,3837
2025-05-22,SKU_03,11.46,0,0.0,0,0,4667
2025-05-23,SKU_03,11.94,0,0.0,0,0,5211
2025-05-24,SKU_03,12.66,0,0.0,1,0,5317
2025-05-25,SKU_03,11.52,0,0.0,1,0,4569
2025-05-26,SKU_03,11.15,0,0.0,0,0,3681
2025-05-27,SKU_03,11.01,0,0.0,0,0,3579
2025-05-28,SKU_03,10.8,0,0.0,0,0,4013
2025-05-29,SKU_03,10.45,0,0.0,0,0,4702
2025-05-30,SKU_03,10.7,0,0.0,0,0,5294
2025-05-31,SKU_03,9.98,0,0.0,1,0,11758
2025-06-01,SKU_03,9.65,0,0.0,1,0,4753
2025-06-02,SKU_03,9.99,0,0.0,0,0,3741
2025-06-03,SKU_03,10.85,0,0.0,0,0,3509
2025-06-04,SKU_03,12.35,0,0.0,0,0,3740
2025-06-05,SKU_03,13.3,0,0.0,0,0,4234
2025-06-06,SKU_03,13.28,0,0.0,0,0,4798
2025-06-07,SKU_03,12.38,0,0.0,1,0,5112
2025-06-08,SKU_03,10.78,0,0.0,1,0,4447
2025-06-09,SKU_03,11.6,0,0.0,0,0,3470
2025-06-10,SKU_03,11.77,0,0.0,0,0,3331
2025-06-11,SKU_03,11.68,0,0.0,0,0,3733
2025-06-12,SKU_03,13.1,0,0.0,0,0,4146
2025-06-13,SKU_03,12.88,0,0.0,0,0,4731
2025-06-14,SKU_03,11.78,0,0.0,1,0,5066
2025-06-15,SKU_03,13.12,0,0.0,1,0,4058
2025-06-16,SKU_03,12.62,0,0.0,0,0,3281
2025-06-17,SKU_03,13.7,0,0.0,0,0,3069
2025-06-18,SKU_03,14.42,0,0.0,0,0,3365
2025-06-19,SKU_03,13.59,0,0.0,0,0,3985
2025-06-20,SKU_03,12.52,0,0.0,0,0,4659
2025-06-21,SKU_03,12.75,0,0.0,1,0,4798
2025-06-22,SKU_03,11.88,0,0.0,1,0,4102
2025-06-23,SKU_03,13.81,0,0.0,0,0,3095
2025-06-24,SKU_03,14.29,0,0.0,0,0,2945
2025-06-25,SKU_03,11.81,0,0.0,0,0,3521
2025-06-26,SKU_03,10.55,0,0.0,0,0,4246
2025-06-27,SKU_03,9.63,0,0.0,0,0,4974
2025-06-28,SKU_03,9.17,0,0.0,1,0,5253
2025-06-29,SKU_03,9.45,0,0.0,1,0,4316
2025-06-30,SKU_03,8.53,0,0.0,0,0,3569
2025-07-01,SKU_03,8.14,0,0.0,0,0,3505
2025-07-02,SKU_03,8.06,0,0.0,0,0,3928
2025-07-03,SKU_03,7.81,0,0.0,0,0,4598
2025-07-04,SKU_03,7.83,0,0.0,0,0,5211
2025-07-05,SKU_03,7.46,0,0.0,1,0,418
2025-07-06,SKU_03,7.59,0,0.0,1,0,4551
2025-07-07,SKU_03,8.15,0,0.0,0,0,3538
2025-07-08,SKU_03,8.08,0,0.0,0,0,3425
2025-07-09,SKU_03,8.58,0,0.0,0,0,3731
2025-07-10,SKU_03,9.1,0,0.0,0,0,4250
2025-07-11,SKU_03,8.59,0,0.0,0,0,4921
2025-07-12,SKU_03,8.35,0,0.0,1,0,5172
2025-07-13,SKU_03,7.22,0,0.0,1,0,4516
2025-07-14,SKU_03,7.42,0,0.0,0,0,3570
2025-07-15,SKU_03,6.62,0,0.0,0,0,3578
2025-07-16,SKU_03,6.63,0,0.0,0,0,4000
2025-07-17,SKU_03,6.17,0,0.0,0,0,4757
2025-07-18,SKU_03,6.61,0,0.0,0,0,5279
2025-07-19,SKU_03,6.77,0,0.0,1,0,5432
2025-07-20,SKU_03,7.43,0,0.0,1,0,4386
2025-07-21,SKU_03,8.5,0,0.0,0,0,3335
2025-07-22,SKU_03,8.19,0,0.0,0,0,3255
2025-07-23,SKU_03,7.74,0,0.0,0,0,3705
2025-07-24,SKU_03,6.25,0,0.0,0,0,4644
2025-07-25,SKU_03,5.75,0,0.0,0,0,5421
2025-07-26,SKU_03,5.5,0,0.0,1,0,5730
2025-07-27,SKU_03,5.83,0,0.0,1,0,4676
2025-07-28,SKU_03,5.58,0,0.0,0,0,3783
2025-07-29,SKU_03,5.53,0,0.0,0,0,3664
2025-07-30,SKU_03,5.36,0,0.0,0,0,4145
2025-07-31,SKU_03,4.83,0,0.0,0,0,4995
2025-08-01,SKU_03,4.29,0,0.0,0,0,271
2025-08-02,SKU_03,4.09,0,0.0,1,0,6252
2025-08-03,SKU_03,4.4,0,0.0,1,0,5070
2025-08-04,SKU_03,4.54,0,0.0,0,0,4003
2025-08-05,SKU_03,4.85,0,0.0,0,0,3782
2025-08-06,SKU_03,4.95,0,0.0,0,0,4193
2025-08-07,SKU_03,4.58,0,0.0,0,0,5024
2025-08-08,SKU_03,4.6,0,0.0,0,0,5685
2025-08-09,SKU_03,4.14,0,0.0,1,0,6148
2025-08-10,SKU_03,4.12,0,0.0,1,0,5129
2025-08-11,SKU_03,3.53,0,0.0,0,0,4332
2025-08-12,SKU_03,3.22,0,0.0,0,0,4314
2025-08-13,SKU_03,3.42,0,0.0,0,0,4727
2025-08-14,SKU_03,3.7,0,0.0,0,0,5348
2025-08-15,SKU_03,3.68,0,0.0,0,0,6089
2025-08-16,SKU_03,3.86,0,0.0,1,0,6244
2025-08-17,SKU_03,3.6,0,0.0,1,0,5338
2025-08-18,SKU_03,3.91,0,0.0,0,0,4153
2025-08-19,SKU_03,3.86,0,0.0,0,0,4030
2025-08-20,SKU_03,3.93,0,0.0,0,0,4468
2025-08-21,SKU_03,3.76,0,0.0,0,0,5288
2025-08-22,SKU_03,4.01,0,0.0,0,0,5880
2025-08-23,SKU_03,4.04,0,0.0,1,0,6117
2025-08-24,SKU_03,4.1,0,0.0,1,0,5080
2025-08-25,SKU_03,4.19,0,0.0,0,0,4044
2025-08-26,SKU_03,3.93,0,0.0,0,0,3993
2025-08-27,SKU_03,4.28,0,0.0,0,0,4331
2025-08-28,SKU_03,4.51,0,0.0,0,0,4966
2025-08-29,SKU_03,4.02,0,0.0,0,0,5890
2025-08-30,SKU_03,3.66,0,0.0,1,0,6352
2025-08-31,SKU_03,3.54,0,0.0,1,0,5357
2025-09-01,SKU_03,3.9,0,0.0,0,0,4149
2025-09-02,SKU_03,3.68,0,0.0,0,0,4103
2025-09-03,SKU_03,4.03,0,0.0,0,0,4448
2025-09-04,SKU_03,4.25,0,0.0,0,0,5098
2025-09-05,SKU_03,4.44,0,0.0,0,0,5714
2025-09-06,SKU_03,4.52,0,0.0,1,0,5943
2025-09-07,SKU_03,4.53,0,0.0,1,0,4948
2025-09-08,SKU_03,4.75,0,0.0,0,0,3909
2025-09-09,SKU_03,4.74,0,0.0,0,0,3786
2025-09-10,SKU_03,3.91,0,0.0,0,0,4555
2025-09-11,SKU_03,4.03,0,0.0,0,0,5255
2025-09-12,SKU_03,4.44,0,0.0,0,0,226
2025-09-13,SKU_03,4.51,0,0.0,1,0,6017
2025-09-14,SKU_03,4.27,0,0.0,1,0,5135
2025-09-15,SKU_03,3.67,0,0.0,0,0,4327
2025-09-16,SKU_03,3.79,0,0.0,0,0,4156
2025-09-17,SKU_03,3.62,0,0.0,0,0,4739
2025-09-18,SKU_03,4.1,0,0.0,0,0,5295
2025-09-19,SKU_03,3.85,0,0.0,0,0,6193
2025-09-20,SKU_03,3.9,0,0.0,1,0,6440
2025-09-21,SKU_03,3.94,0,0.0,1,0,5364
2025-09-22,SKU_03,4.28,0,0.0,0,0,4191
2025-09-23,SKU_03,4.21,0,0.0,0,0,4093
2025-09-24,SKU_03,3.98,0,0.0,0,0,4683
2025-09-25,SKU_03,4.0,0,0.0,0,0,5461
2025-09-26,SKU_03,3.94,0,0.0,0,0,6269
2025-09-27,SKU_03,4.08,0,0.0,1,0,6492
2025-09-28,SKU_03,3.96,0,0.0,1,0,5484
2025-09-29,SKU_03,4.15,0,0.0,0,0,4340
2025-09-30,SKU_03,4.07,0,0.0,0,0,4238
2025-10-01,SKU_03,3.92,0,0.0,0,0,4822
2025-10-02,SKU_03,4.27,0,0.0,0,0,5484
2025-10-03,SKU_03,4.1,0,0.0,0,0,6339
2025-10-04,SKU_03,4.46,0,0.0,1,0,6467
2025-10-05,SKU_03,4.45,0,0.0,1,0,5418
2025-10-06,SKU_03,4.23,0,0.0,0,0,4430
2025-10-07,SKU_03,4.27,0,0.0,0,0,4283
2025-10-08,SKU_03,3.6,0,0.0,0,0,5137
2025-10-09,SKU_03,3.58,0,0.0,0,0,6001
2025-10-10,SKU_03,3.59,0,0.0,0,0,6858
2025-10-11,SKU_03,4.09,0,0.0,1,0,6858
2025-10-12,SKU_03,3.77,0,0.0,1,0,5932
2025-10-13,SKU_03,3.52,0,0.0,0,0,4877
2025-10-14,SKU_03,4.19,0,0.0,0,0,4461
2025-10-15,SKU_03,3.96,0,0.0,0,0,5118
2025-10-16,SKU_03,3.62,0,0.0,0,0,6202
2025-10-17,SKU_03,3.41,0,0.0,0,0,7231
2025-10-18,SKU_03,3.35,0,0.0,1,0,7637
2025-10-19,SKU_03,3.31,0,0.0,1,0,6428
2025-10-20,SKU_03,3.15,0,0.0,0,0,5262
2025-10-21,SKU_03,3.23,1,0.306,0,0,9953
2025-10-22,SKU_03,3.23,0,0.0,0,0,5718
2025-10-23,SKU_03,3.38,0,0.0,0,0,6581
2025-10-24,SKU_03,3.29,0,0.0,0,0,7605
2025-10-25,SKU_03,2.94,0,0.0,1,0,8293
2025-10-26,SKU_03,2.79,0,0.0,1,0,7084
2025-10-27,SKU_03,2.59,1,0.265,0,0,11118
2025-10-28,SKU_03,2.97,0,0.0,0,0,5428
2025-10-29,SKU_03,2.8,0,0.0,0,0,6253
2025-10-30,SKU_03,2.68,0,0.0,0,0,7423
2025-10-31,SKU_03,2.82,0,0.0,0,0,8350
2025-11-01,SKU_03,2.53,0,0.0,1,0,9087
2025-11-02,SKU_03,2.4,0,0.0,1,0,7768
2025-11-03,SKU_03,2.45,0,0.0,0,0,6223
2025-11-04,SKU_03,2.61,0,0.0,0,0,5909
2025-11-05,SKU_03,2.49,0,0.0,0,0,6768
2025-11-06,SKU_03,2.27,0,0.0,0,0,8202
2025-11-07,SKU_03,2.56,0,0.0,0,0,8988
2025-11-08,SKU_03,2.33,0,0.0,1,0,9756
2025-11-09,SKU_03,2.35,0,0.0,1,0,8162
2025-11-10,SKU_03,2.48,0,0.0,0,0,6445
2025-11-11,SKU_03,2.38,0,0.0,0,0,6361
2025-11-12,SKU_03,2.48,0,0.0,0,0,7082
2025-11-13,SKU_03,2.67,0,0.0,0,0,8082
2025-11-14,SKU_03,3.2,0,0.0,0,0,8681
2025-11-15,SKU_03,3.12,0,0.0,1,0,9185
2025-11-16,SKU_03,2.74,0,0.0,1,0,8067
2025-11-17,SKU_03,2.59,1,0.22,0,0,12123
2025-11-18,SKU_03,2.87,0,0.0,0,0,6223
2025-11-19,SKU_03,2.95,0,0.0,0,0,6945
2025-11-20,SKU_03,2.95,0,0.0,0,0,8135
2025-11-21,SKU_03,2.57,0,0.0,0,0,9775
2025-11-22,SKU_03,2.54,0,0.0,1,0,10291
2025-11-23,SKU_03,2.54,0,0.0,1,0,8650
2025-11-24,SKU_03,2.64,0,0.0,0,0,6856
2025-11-25,SKU_03,2.38,1,0.124,0,0,11629
2025-11-26,SKU_03,2.27,0,0.0,0,0,7941
2025-11-27,SKU_03,2.2,0,0.0,0,0,9416
2025-11-28,SKU_03,1.93,0,0.0,0,0,11254
2025-11-29,SKU_03,2.14,0,0.0,1,0,11404
2025-11-30,SKU_03,1.99,0,0.0,1,0,9812
2025-12-01,SKU_03,1.99,0,0.0,0,0,7902
2025-12-02,SKU_03,2.06,0,0.0,0,0,7601
2025-12-03,SKU_03,1.97,0,0.0,0,0,8686
2025-12-04,SKU_03,1.89,0,0.0,0,0,10319
2025-12-05,SKU_03,2.08,0,0.0,0,0,11450
2025-12-06,SKU_03,1.97,0,0.0,1,0,12217
2025-12-07,SKU_03,2.17,0,0.0,1,0,9928
2025-12-08,SKU_03,2.01,0,0.0,0,0,8195
2025-12-09,SKU_03,2.12,0,0.0,0,0,7837
2025-12-10,SKU_03,2.41,0,0.0,0,0,8428
2025-12-11,SKU_03,2.77,0,0.0,0,0,9402
2025-12-12,SKU_03,2.5,0,0.0,0,0,11160
2025-12-13,SKU_03,2.65,0,0.0,1,0,11457
2025-12-14,SKU_03,2.83,0,0.0,1,0,9402
2025-12-15,SKU_03,2.59,0,0.0,0,0,7802
2025-12-16,SKU_03,2.71,0,0.0,0,0,7477
2025-12-17,SKU_03,3.08,0,0.0,0,0,8039
2025-12-18,SKU_03,2.81,0,0.0,0,0,9731
2025-12-19,SKU_03,3.0,0,0.0,0,0,10877
2025-12-20,SKU_03,2.73,0,0.0,1,0,11794
2025-12-21,SKU_03,2.98,0,0.0,1,0,9596
2025-12-22,SKU_03,2.83,0,0.0,0,0,7852
2025-12-23,SKU_03,2.85,0,0.0,0,0,7611
2025-12-24,SKU_03,2.78,0,0.0,0,0,8657
2025-12-25,SKU_03,2.73,0,0.0,0,0,10197
2025-12-26,SKU_03,3.1,0,0.0,0,0,11154
2025-12-27,SKU_03,3.39,0,0.0,1,0,11333
2025-12-28,SKU_03,3.16,0,0.0,1,0,9728
2025-12-29,SKU_03,3.06,0,0.0,0,0,7916
2025-12-30,SKU_03,3.01,0,0.0,0,0,7741
2025-12-31,SKU_03,2.97,0,0.0,0,0,8760
2026-01-01,SKU_03,3.11,0,0.0,0,1,12123
2026-01-02,SKU_03,3.24,0,0.0,0,0,11374
2026-01-03,SKU_03,2.89,0,0.0,1,0,12409
2026-01-04,SKU_03,3.13,0,0.0,1,0,10121
2026-01-05,SKU_03,3.64,0,0.0,0,0,7710
2026-01-06,SKU_03,3.57,0,0.0,0,0,7527
2026-01-07,SKU_03,3.48,0,0.0,0,1,10272
2026-01-08,SKU_03,3.44,0,0.0,0,0,10065
2026-01-09,SKU_03,3.7,0,0.0,0,0,11216
2026-01-10,SKU_03,3.58,0,0.0,1,0,11875
2026-01-11,SKU_03,3.4,0,0.0,1,0,10128
2026-01-12,SKU_03,3.16,0,0.0,0,0,8345
2026-01-13,SKU_03,3.23,0,0.0,0,0,8054
2026-01-14,SKU_03,2.81,0,0.0,0,0,9517
2026-01-15,SKU_03,3.19,0,0.0,0,0,10632
2026-01-16,SKU_03,3.21,1,0.271,0,0,23114
2026-01-17,SKU_03,3.51,0,0.0,1,0,12309
2026-01-18,SKU_03,3.66,0,0.0,1,0,10158
2026-01-19,SKU_03,3.46,0,0.0,0,0,8331
2026-01-20,SKU_03,3.59,0,0.0,0,0,7981
2026-01-21,SKU_03,4.06,0,0.0,0,0,8574
2026-01-22,SKU_03,4.34,0,0.0,0,0,9811
2026-01-23,SKU_03,4.4,0,0.0,0,0,11151
2026-01-24,SKU_03,4.78,0,0.0,1,0,11347
2026-01-25,SKU_03,4.94,0,0.0,1,0,9391
2026-01-26,SKU_03,4.77,0,0.0,0,0,7624
2026-01-27,SKU_03,5.13,0,0.0,0,0,7219
2026-01-28,SKU_03,5.79,0,0.0,0,0,7778
2026-01-29,SKU_03,5.6,0,0.0,0,0,9183
2026-01-30,SKU_03,6.09,0,0.0,0,0,10180
2026-01-31,SKU_03,6.98,0,0.0,1,0,10161
2026-02-01,SKU_03,6.98,0,0.0,1,0,8506
2026-02-02,SKU_03,6.62,0,0.0,0,0,6961
2026-02-03,SKU_03,6.56,0,0.0,0,0,6770
2026-02-04,SKU_03,6.56,0,0.0,0,0,7607
2026-02-05,SKU_03,6.68,0,0.0,0,0,8816
2026-02-06,SKU_03,6.1,0,0.0,0,0,10385
2026-02-07,SKU_03,5.7,0,0.0,1,0,11147
2026-02-08,SKU_03,5.68,0,0.0,1,0,9322
2026-02-09,SKU_03,6.23,0,0.0,0,0,7244
2026-02-10,SKU_03,6.69,0,0.0,0,0,6845
2026-02-11,SKU_03,5.47,0,0.0,0,0,8250
2026-02-12,SKU_03,6.16,0,0.0,0,0,9234
2026-02-13,SKU_03,6.44,0,0.0,0,0,10375
2026-02-14,SKU_03,5.41,0,0.0,1,0,11532
2026-02-15,SKU_03,5.3,0,0.0,1,0,9703
2026-02-16,SKU_03,5.09,0,0.0,0,0,7900
2026-02-17,SKU_03,4.9,0,0.0,0,0,7756
2026-02-18,SKU_03,4.98,0,0.0,0,0,8654
2026-02-19,SKU_03,4.59,0,0.0,0,0,10380
2026-02-20,SKU_03,4.99,0,0.0,0,0,11501
2026-02-21,SKU_03,5.53,0,0.0,1,0,11595
2026-02-22,SKU_03,6.09,0,0.0,1,0,9375
2026-02-23,SKU_03,5.51,0,0.0,0,1,9332
2026-02-24,SKU_03,4.87,0,0.0,0,0,7868
2026-02-25,SKU_03,5.19,0,0.0,0,0,8639
2026-02-26,SKU_03,5.31,0,0.0,0,0,9990
2026-02-27,SKU_03,5.33,0,0.0,0,0,11364
2026-02-28,SKU_03,5.75,0,0.0,1,0,11564
2026-03-01,SKU_03,5.64,0,0.0,1,0,9729
2026-03-02,SKU_03,6.06,0,0.0,0,0,7602
2026-03-03,SKU_03,6.05,0,0.0,0,0,7364
2026-03-04,SKU_03,5.59,0,0.0,0,0,8491
2026-03-05,SKU_03,5.49,0,0.0,0,0,9958
2026-03-06,SKU_03,5.2,0,0.0,0,0,11561
2026-03-07,SKU_03,4.93,0,0.0,1,0,12297
2026-03-08,SKU_03,4.64,0,0.0,1,1,12591
2026-03-09,SKU_03,4.74,0,0.0,0,0,8326
2026-03-10,SKU_03,4.68,0,0.0,0,0,8097
2026-03-11,SKU_03,4.97,0,0.0,0,0,8906
2026-03-12,SKU_03,4.79,0,0.0,0,0,10503
2026-03-13,SKU_03,4.78,0,0.0,0,0,11956
2026-03-14,SKU_03,5.04,0,0.0,1,0,12254
2026-03-15,SKU_03,5.06,0,0.0,1,0,10231
2026-03-16,SKU_03,5.49,0,0.0,0,0,7950
2026-03-17,SKU_03,4.61,0,0.0,0,0,8171
2026-03-18,SKU_03,4.08,0,0.0,0,0,9543
2026-03-19,SKU_03,3.91,0,0.0,0,0,11305
2026-03-20,SKU_03,3.52,0,0.0,0,0,13332
2026-03-21,SKU_03,3.31,0,0.0,1,0,14221
2026-03-22,SKU_03,3.49,0,0.0,1,0,11639
2026-03-23,SKU_03,3.98,0,0.0,0,0,8897
2026-03-24,SKU_03,3.9,0,0.0,0,0,8665
2026-03-25,SKU_03,4.25,0,0.0,0,0,9407
2026-03-26,SKU_03,3.82,0,0.0,0,0,11375
2026-03-27,SKU_03,3.88,0,0.0,0,0,12861
2026-03-28,SKU_03,3.54,0,0.0,1,0,13852
2026-03-29,SKU_03,3.77,0,0.0,1,0,11301
2026-03-30,SKU_03,3.92,0,0.0,0,0,8907
2026-03-31,SKU_03,3.88,0,0.0,0,0,8648
2026-04-01,SKU_03,3.38,0,0.0,0,0,10158
2026-04-02,SKU_03,3.4,0,0.0,0,0,11804
2026-04-03,SKU_03,3.42,0,0.0,0,0,13391
2026-04-04,SKU_03,3.72,0,0.0,1,0,13551
2026-04-05,SKU_03,3.73,0,0.0,1,0,11286
2026-04-06,SKU_03,3.33,0,0.0,0,0,9381
2026-04-07,SKU_03,3.1,0,0.0,0,0,9286
2026-04-08,SKU_03,3.0,0,0.0,0,0,10524
2026-04-09,SKU_03,3.01,0,0.0,0,0,12237
2026-04-10,SKU_03,2.91,0,0.0,0,0,14048
2026-04-11,SKU_03,3.11,0,0.0,1,0,14305
2026-04-12,SKU_03,3.2,0,0.0,1,0,11802
2026-04-13,SKU_03,3.12,0,0.0,0,0,9529
2026-04-14,SKU_03,2.99,0,0.0,0,0,9340
2026-04-15,SKU_03,3.32,0,0.0,0,0,10055
2026-04-16,SKU_03,3.05,0,0.0,0,0,12037
2026-04-17,SKU_03,3.11,0,0.0,0,0,13595
2026-04-18,SKU_03,3.18,0,0.0,1,0,14026
2026-04-19,SKU_03,3.22,0,0.0,1,0,11641
2026-04-20,SKU_03,3.21,0,0.0,0,0,9296
2026-04-21,SKU_03,3.42,0,0.0,0,0,8785
2026-04-22,SKU_03,3.6,0,0.0,0,0,9643
2026-04-23,SKU_03,3.47,0,0.0,0,0,11352
2026-04-24,SKU_03,3.73,0,0.0,0,0,12575
2026-04-25,SKU_03,3.44,0,0.0,1,0,13463
2026-04-26,SKU_03,3.18,0,0.0,1,0,11524
2026-04-27,SKU_03,3.1,0,0.0,0,0,9293
2026-04-28,SKU_03,3.15,0,0.0,0,0,8899
2026-04-29,SKU_03,2.96,0,0.0,0,0,10185
2026-04-30,SKU_03,3.07,0,0.0,0,0,11660
2026-05-01,SKU_03,3.01,0,0.0,0,1,16013
2026-05-02,SKU_03,2.95,0,0.0,1,1,16767
2026-05-03,SKU_03,2.65,0,0.0,1,0,12076
2026-05-04,SKU_03,2.59,0,0.0,0,0,9701
2026-05-05,SKU_03,2.52,0,0.0,0,0,9453
2026-05-06,SKU_03,2.68,0,0.0,0,0,10339
2026-05-07,SKU_03,2.73,0,0.0,0,0,11930
2026-05-08,SKU_03,2.89,0,0.0,0,0,13275
2026-05-09,SKU_03,3.04,0,0.0,1,1,16277
2026-05-10,SKU_03,3.03,0,0.0,1,0,11295
2026-05-11,SKU_03,3.11,0,0.0,0,0,8933
2026-05-12,SKU_03,3.24,0,0.0,0,0,8475
2026-05-13,SKU_03,3.5,0,0.0,0,0,9230
2026-05-14,SKU_03,3.12,0,0.0,0,0,11167
2026-05-15,SKU_03,3.06,0,0.0,0,0,12747
2026-05-16,SKU_03,3.23,0,0.0,1,0,12999
2026-05-17,SKU_03,3.11,0,0.0,1,0,10948
2023-05-14,SKU_04,18.62,0,0.0,1,0,22
2023-05-15,SKU_04,18.77,0,0.0,0,0,17
2023-05-16,SKU_04,21.96,0,0.0,0,0,39
2023-05-17,SKU_04,21.74,0,0.0,0,0,35
2023-05-18,SKU_04,22.03,0,0.0,0,0,27
2023-05-19,SKU_04,22.83,0,0.0,0,0,36
2023-05-20,SKU_04,22.53,0,0.0,1,0,25
2023-05-21,SKU_04,21.53,0,0.0,1,0,47
2023-05-22,SKU_04,18.84,0,0.0,0,0,32
2023-05-23,SKU_04,17.38,0,0.0,0,0,47
2023-05-24,SKU_04,15.51,0,0.0,0,0,57
2023-05-25,SKU_04,16.81,0,0.0,0,0,38
2023-05-26,SKU_04,17.04,0,0.0,0,0,37
2023-05-27,SKU_04,16.88,0,0.0,1,0,62
2023-05-28,SKU_04,17.08,0,0.0,1,0,51
2023-05-29,SKU_04,17.31,1,0.308,0,0,80
2023-05-30,SKU_04,17.14,0,0.0,0,0,60
2023-05-31,SKU_04,17.91,0,0.0,0,0,48
2023-06-01,SKU_04,18.19,1,0.084,0,0,55
2023-06-02,SKU_04,19.98,0,0.0,0,0,43
2023-06-03,SKU_04,19.87,0,0.0,1,0,30
2023-06-04,SKU_04,19.42,0,0.0,1,0,51
2023-06-05,SKU_04,21.72,0,0.0,0,0,29
2023-06-06,SKU_04,19.23,0,0.0,0,0,48
2023-06-07,SKU_04,17.8,0,0.0,0,0,67
2023-06-08,SKU_04,18.3,0,0.0,0,0,68
2023-06-09,SKU_04,19.05,0,0.0,0,0,43
2023-06-10,SKU_04,19.21,0,0.0,1,0,56
2023-06-11,SKU_04,18.87,0,0.0,1,0,54
2023-06-12,SKU_04,18.15,0,0.0,0,0,45
2023-06-13,SKU_04,19.47,0,0.0,0,0,46
2023-06-14,SKU_04,22.03,0,0.0,0,0,62
2023-06-15,SKU_04,20.85,0,0.0,0,0,58
2023-06-16,SKU_04,20.97,0,0.0,0,0,61
2023-06-17,SKU_04,22.32,0,0.0,1,0,55
2023-06-18,SKU_04,20.67,0,0.0,1,0,50
2023-06-19,SKU_04,19.54,0,0.0,0,0,62
2023-06-20,SKU_04,20.05,0,0.0,0,0,37
2023-06-21,SKU_04,17.04,0,0.0,0,0,77
2023-06-22,SKU_04,17.66,0,0.0,0,0,68
2023-06-23,SKU_04,16.59,0,0.0,0,0,57
2023-06-24,SKU_04,16.16,0,0.0,1,0,65
2023-06-25,SKU_04,16.1,0,0.0,1,0,53
2023-06-26,SKU_04,15.43,0,0.0,0,0,68
2023-06-27,SKU_04,16.25,0,0.0,0,0,71
2023-06-28,SKU_04,15.04,0,0.0,0,0,75
2023-06-29,SKU_04,16.28,0,0.0,0,0,74
2023-06-30,SKU_04,18.33,0,0.0,0,0,84
2023-07-01,SKU_04,19.06,0,0.0,1,0,62
2023-07-02,SKU_04,19.64,0,0.0,1,0,38
2023-07-03,SKU_04,19.11,0,0.0,0,0,80
2023-07-04,SKU_04,19.56,0,0.0,0,0,72
2023-07-05,SKU_04,19.99,0,0.0,0,0,85
2023-07-06,SKU_04,20.33,0,0.0,0,0,75
2023-07-07,SKU_04,18.29,0,0.0,0,0,56
2023-07-08,SKU_04,18.24,0,0.0,1,0,87
2023-07-09,SKU_04,16.78,0,0.0,1,0,78
2023-07-10,SKU_04,17.72,0,0.0,0,0,74
2023-07-11,SKU_04,19.95,0,0.0,0,0,85
2023-07-12,SKU_04,21.08,0,0.0,0,0,71
2023-07-13,SKU_04,18.88,0,0.0,0,0,80
2023-07-14,SKU_04,20.59,0,0.0,0,0,85
2023-07-15,SKU_04,21.22,0,0.0,1,0,88
2023-07-16,SKU_04,24.12,0,0.0,1,0,84
2023-07-17,SKU_04,24.04,0,0.0,0,0,79
2023-07-18,SKU_04,23.01,0,0.0,0,0,72
2023-07-19,SKU_04,23.84,0,0.0,0,0,86
2023-07-20,SKU_04,28.2,0,0.0,0,0,88
2023-07-21,SKU_04,29.82,0,0.0,0,0,77
2023-07-22,SKU_04,30.65,0,0.0,1,0,85
2023-07-23,SKU_04,31.15,0,0.0,1,0,80
2023-07-24,SKU_04,31.34,0,0.0,0,0,81
2023-07-25,SKU_04,30.11,0,0.0,0,0,72
2023-07-26,SKU_04,30.98,0,0.0,0,0,75
2023-07-27,SKU_04,28.83,0,0.0,0,0,79
2023-07-28,SKU_04,26.85,0,0.0,0,0,79
2023-07-29,SKU_04,29.66,0,0.0,1,0,76
2023-07-30,SKU_04,28.86,0,0.0,1,0,73
2023-07-31,SKU_04,29.92,0,0.0,0,0,79
2023-08-01,SKU_04,29.78,0,0.0,0,0,84
2023-08-02,SKU_04,26.54,0,0.0,0,0,71
2023-08-03,SKU_04,21.6,0,0.0,0,0,96
2023-08-04,SKU_04,22.6,0,0.0,0,0,88
2023-08-05,SKU_04,25.96,0,0.0,1,0,79
2023-08-06,SKU_04,30.1,0,0.0,1,0,69
2023-08-07,SKU_04,26.2,0,0.0,0,0,84
2023-08-08,SKU_04,26.04,0,0.0,0,0,81
2023-08-09,SKU_04,28.94,0,0.0,0,0,76
2023-08-10,SKU_04,27.59,0,0.0,0,0,91
2023-08-11,SKU_04,25.8,0,0.0,0,0,176
2023-08-12,SKU_04,27.55,0,0.0,1,0,84
2023-08-13,SKU_04,28.39,1,0.179,1,0,123
2023-08-14,SKU_04,27.72,0,0.0,0,0,81
2023-08-15,SKU_04,28.54,0,0.0,0,0,75
2023-08-16,SKU_04,32.2,0,0.0,0,0,83
2023-08-17,SKU_04,31.5,0,0.0,0,0,103
2023-08-18,SKU_04,31.01,0,0.0,0,0,83
2023-08-19,SKU_04,30.45,0,0.0,1,0,90
2023-08-20,SKU_04,30.48,0,0.0,1,0,87
2023-08-21,SKU_04,30.05,0,0.0,0,0,79
2023-08-22,SKU_04,33.32,0,0.0,0,0,83
2023-08-23,SKU_04,32.94,0,0.0,0,0,87
2023-08-24,SKU_04,33.78,0,0.0,0,0,100
2023-08-25,SKU_04,34.89,0,0.0,0,0,80
2023-08-26,SKU_04,38.71,0,0.0,1,0,90
2023-08-27,SKU_04,38.0,0,0.0,1,0,86
2023-08-28,SKU_04,34.18,0,0.0,0,0,86
2023-08-29,SKU_04,35.82,0,0.0,0,0,96
2023-08-30,SKU_04,34.02,0,0.0,0,0,77
2023-08-31,SKU_04,35.48,0,0.0,0,0,106
2023-09-01,SKU_04,37.34,0,0.0,0,0,88
2023-09-02,SKU_04,40.79,0,0.0,1,0,87
2023-09-03,SKU_04,46.52,0,0.0,1,0,96
2023-09-04,SKU_04,40.54,0,0.0,0,0,88
2023-09-05,SKU_04,40.92,0,0.0,0,0,99
2023-09-06,SKU_04,40.14,0,0.0,0,0,89
2023-09-07,SKU_04,43.28,0,0.0,0,0,89
2023-09-08,SKU_04,48.73,0,0.0,0,0,93
2023-09-09,SKU_04,51.67,0,0.0,1,0,96
2023-09-10,SKU_04,53.44,0,0.0,1,0,92
2023-09-11,SKU_04,57.46,0,0.0,0,0,79
2023-09-12,SKU_04,62.43,0,0.0,0,0,71
2023-09-13,SKU_04,58.41,0,0.0,0,0,69
2023-09-14,SKU_04,57.51,0,0.0,0,0,78
2023-09-15,SKU_04,53.32,0,0.0,0,0,102
2023-09-16,SKU_04,54.04,0,0.0,1,0,87
2023-09-17,SKU_04,64.6,0,0.0,1,0,53
2023-09-18,SKU_04,60.62,0,0.0,0,0,72
2023-09-19,SKU_04,49.47,0,0.0,0,0,86
2023-09-20,SKU_04,47.42,0,0.0,0,0,86
2023-09-21,SKU_04,48.56,0,0.0,0,0,86
2023-09-22,SKU_04,55.66,0,0.0,0,0,74
2023-09-23,SKU_04,60.42,0,0.0,1,0,75
2023-09-24,SKU_04,64.51,0,0.0,1,0,91
2023-09-25,SKU_04,61.28,0,0.0,0,0,79
2023-09-26,SKU_04,59.43,0,0.0,0,0,93
2023-09-27,SKU_04,60.29,0,0.0,0,0,100
2023-09-28,SKU_04,65.0,0,0.0,0,0,86
2023-09-29,SKU_04,64.34,0,0.0,0,0,84
2023-09-30,SKU_04,57.73,0,0.0,1,0,86
2023-10-01,SKU_04,55.09,0,0.0,1,0,89
2023-10-02,SKU_04,65.21,0,0.0,0,0,79
2023-10-03,SKU_04,66.6,1,0.242,0,0,138
2023-10-04,SKU_04,56.35,0,0.0,0,0,106
2023-10-05,SKU_04,57.1,0,0.0,0,0,101
2023-10-06,SKU_04,55.2,0,0.0,0,0,93
2023-10-07,SKU_04,64.66,0,0.0,1,0,96
2023-10-08,SKU_04,65.82,0,0.0,1,0,82
2023-10-09,SKU_04,71.83,0,0.0,0,0,59
2023-10-10,SKU_04,75.27,0,0.0,0,0,89
2023-10-11,SKU_04,73.67,0,0.0,0,0,83
2023-10-12,SKU_04,65.25,0,0.0,0,0,92
2023-10-13,SKU_04,62.71,0,0.0,0,0,94
2023-10-14,SKU_04,55.27,0,0.0,1,0,110
2023-10-15,SKU_04,56.68,0,0.0,1,0,105
2023-10-16,SKU_04,58.93,0,0.0,0,0,88
2023-10-17,SKU_04,54.52,0,0.0,0,0,90
2023-10-18,SKU_04,56.23,0,0.0,0,0,98
2023-10-19,SKU_04,60.68,0,0.0,0,0,98
2023-10-20,SKU_04,60.2,0,0.0,0,0,93
2023-10-21,SKU_04,56.55,0,0.0,1,0,95
2023-10-22,SKU_04,62.07,0,0.0,1,0,94
2023-10-23,SKU_04,62.99,0,0.0,0,0,94
2023-10-24,SKU_04,56.22,0,0.0,0,0,93
2023-10-25,SKU_04,55.04,0,0.0,0,0,108
2023-10-26,SKU_04,54.06,0,0.0,0,0,97
2023-10-27,SKU_04,53.39,0,0.0,0,0,105
2023-10-28,SKU_04,52.23,0,0.0,1,0,117
2023-10-29,SKU_04,51.95,0,0.0,1,0,119
2023-10-30,SKU_04,53.46,0,0.0,0,0,111
2023-10-31,SKU_04,56.97,0,0.0,0,0,98
2023-11-01,SKU_04,64.64,0,0.0,0,0,97
2023-11-02,SKU_04,61.82,0,0.0,0,0,126
2023-11-03,SKU_04,57.27,0,0.0,0,0,108
2023-11-04,SKU_04,58.98,0,0.0,1,0,91
2023-11-05,SKU_04,55.09,0,0.0,1,0,100
2023-11-06,SKU_04,56.28,0,0.0,0,0,131
2023-11-07,SKU_04,61.26,0,0.0,0,0,110
2023-11-08,SKU_04,61.7,0,0.0,0,0,117
2023-11-09,SKU_04,63.35,0,0.0,0,0,102
2023-11-10,SKU_04,63.48,0,0.0,0,0,109
2023-11-11,SKU_04,54.42,0,0.0,1,0,126
2023-11-12,SKU_04,56.44,0,0.0,1,0,107
2023-11-13,SKU_04,55.18,0,0.0,0,0,105
2023-11-14,SKU_04,61.68,0,0.0,0,0,104
2023-11-15,SKU_04,51.52,0,0.0,0,0,121
2023-11-16,SKU_04,48.12,0,0.0,0,0,122
2023-11-17,SKU_04,45.59,0,0.0,0,0,140
2023-11-18,SKU_04,45.08,0,0.0,1,0,123
2023-11-19,SKU_04,47.81,0,0.0,1,0,129
2023-11-20,SKU_04,40.17,0,0.0,0,0,131
2023-11-21,SKU_04,36.18,0,0.0,0,0,153
2023-11-22,SKU_04,38.36,0,0.0,0,0,166
2023-11-23,SKU_04,39.79,0,0.0,0,0,138
2023-11-24,SKU_04,43.02,0,0.0,0,0,129
2023-11-25,SKU_04,43.0,0,0.0,1,0,145
2023-11-26,SKU_04,42.71,0,0.0,1,0,146
2023-11-27,SKU_04,39.42,0,0.0,0,0,130
2023-11-28,SKU_04,40.05,0,0.0,0,0,149
2023-11-29,SKU_04,35.86,0,0.0,0,0,163
2023-11-30,SKU_04,31.89,0,0.0,0,0,160
2023-12-01,SKU_04,27.15,0,0.0,0,0,170
2023-12-02,SKU_04,27.57,0,0.0,1,0,184
2023-12-03,SKU_04,29.55,0,0.0,1,0,165
2023-12-04,SKU_04,28.05,0,0.0,0,0,153
2023-12-05,SKU_04,27.06,0,0.0,0,0,160
2023-12-06,SKU_04,27.15,0,0.0,0,0,178
2023-12-07,SKU_04,29.32,0,0.0,0,0,164
2023-12-08,SKU_04,27.22,0,0.0,0,0,171
2023-12-09,SKU_04,26.48,0,0.0,1,0,187
2023-12-10,SKU_04,24.57,0,0.0,1,0,330
2023-12-11,SKU_04,26.09,0,0.0,0,0,151
2023-12-12,SKU_04,27.39,0,0.0,0,0,154
2023-12-13,SKU_04,23.22,0,0.0,0,0,176
2023-12-14,SKU_04,21.33,0,0.0,0,0,196
2023-12-15,SKU_04,20.98,0,0.0,0,0,214
2023-12-16,SKU_04,19.28,0,0.0,1,0,211
2023-12-17,SKU_04,20.03,0,0.0,1,0,193
2023-12-18,SKU_04,22.6,0,0.0,0,0,181
2023-12-19,SKU_04,21.69,0,0.0,0,0,203
2023-12-20,SKU_04,23.67,0,0.0,0,0,212
2023-12-21,SKU_04,23.8,0,0.0,0,0,202
2023-12-22,SKU_04,23.6,0,0.0,0,0,204
2023-12-23,SKU_04,22.03,0,0.0,1,0,207
2023-12-24,SKU_04,22.44,0,0.0,1,0,209
2023-12-25,SKU_04,20.14,0,0.0,0,0,194
2023-12-26,SKU_04,19.27,0,0.0,0,0,231
2023-12-27,SKU_04,19.3,0,0.0,0,0,220
2023-12-28,SKU_04,20.59,0,0.0,0,0,223
2023-12-29,SKU_04,20.78,0,0.0,0,0,198
2023-12-30,SKU_04,21.07,0,0.0,1,0,235
2023-12-31,SKU_04,21.51,0,0.0,1,0,203
2024-01-01,SKU_04,23.59,0,0.0,0,1,235
2024-01-02,SKU_04,23.24,0,0.0,0,0,223
2024-01-03,SKU_04,23.79,0,0.0,0,0,217
2024-01-04,SKU_04,24.23,0,0.0,0,0,218
2024-01-05,SKU_04,24.22,0,0.0,0,0,212
2024-01-06,SKU_04,26.11,0,0.0,1,0,213
2024-01-07,SKU_04,27.95,0,0.0,1,1,234
2024-01-08,SKU_04,30.17,0,0.0,0,0,168
2024-01-09,SKU_04,31.72,0,0.0,0,0,200
2024-01-10,SKU_04,27.81,1,0.169,0,0,324
2024-01-11,SKU_04,27.42,0,0.0,0,0,213
2024-01-12,SKU_04,24.03,0,0.0,0,0,216
2024-01-13,SKU_04,21.73,0,0.0,1,0,257
2024-01-14,SKU_04,22.81,0,0.0,1,0,231
2024-01-15,SKU_04,23.31,0,0.0,0,0,208
2024-01-16,SKU_04,21.45,0,0.0,0,0,215
2024-01-17,SKU_04,20.99,0,0.0,0,0,235
2024-01-18,SKU_04,20.25,0,0.0,0,0,254
2024-01-19,SKU_04,22.04,0,0.0,0,0,227
2024-01-20,SKU_04,23.15,0,0.0,1,0,247
2024-01-21,SKU_04,23.29,0,0.0,1,0,210
2024-01-22,SKU_04,23.55,0,0.0,0,0,220
2024-01-23,SKU_04,23.34,0,0.0,0,0,228
2024-01-24,SKU_04,24.69,0,0.0,0,0,236
2024-01-25,SKU_04,26.14,0,0.0,0,0,217
2024-01-26,SKU_04,26.97,0,0.0,0,0,223
2024-01-27,SKU_04,24.83,0,0.0,1,0,245
2024-01-28,SKU_04,25.35,0,0.0,1,0,222
2024-01-29,SKU_04,28.53,0,0.0,0,0,218
2024-01-30,SKU_04,30.32,0,0.0,0,0,230
2024-01-31,SKU_04,27.73,0,0.0,0,0,232
2024-02-01,SKU_04,29.8,0,0.0,0,0,231
2024-02-02,SKU_04,25.89,0,0.0,0,0,243
2024-02-03,SKU_04,25.74,0,0.0,1,0,262
2024-02-04,SKU_04,27.16,0,0.0,1,0,248
2024-02-05,SKU_04,24.86,0,0.0,0,0,222
2024-02-06,SKU_04,23.36,0,0.0,0,0,250
2024-02-07,SKU_04,22.67,0,0.0,0,0,247
2024-02-08,SKU_04,23.82,0,0.0,0,0,251
2024-02-09,SKU_04,23.22,0,0.0,0,0,266
2024-02-10,SKU_04,24.17,0,0.0,1,0,256
2024-02-11,SKU_04,24.42,0,0.0,1,0,248
2024-02-12,SKU_04,20.38,0,0.0,0,0,238
2024-02-13,SKU_04,21.04,0,0.0,0,0,264
2024-02-14,SKU_04,20.72,0,0.0,0,0,267
2024-02-15,SKU_04,18.06,0,0.0,0,0,282
2024-02-16,SKU_04,17.1,0,0.0,0,0,303
2024-02-17,SKU_04,16.22,0,0.0,1,0,293
2024-02-18,SKU_04,15.53,0,0.0,1,0,298
2024-02-19,SKU_04,17.29,0,0.0,0,0,273
2024-02-20,SKU_04,16.38,0,0.0,0,0,286
2024-02-21,SKU_04,16.79,0,0.0,0,0,300
2024-02-22,SKU_04,18.68,0,0.0,0,0,285
2024-02-23,SKU_04,17.14,0,0.0,0,1,351
2024-02-24,SKU_04,15.59,0,0.0,1,0,309
2024-02-25,SKU_04,15.27,0,0.0,1,0,305
2024-02-26,SKU_04,14.27,0,0.0,0,0,300
2024-02-27,SKU_04,13.34,0,0.0,0,0,309
2024-02-28,SKU_04,12.96,0,0.0,0,0,346
2024-02-29,SKU_04,14.85,0,0.0,0,0,330
2024-03-01,SKU_04,13.68,0,0.0,0,0,720
2024-03-02,SKU_04,13.25,0,0.0,1,0,356
2024-03-03,SKU_04,13.6,0,0.0,1,0,342
2024-03-04,SKU_04,11.51,0,0.0,0,0,338
2024-03-05,SKU_04,12.12,0,0.0,0,0,335
2024-03-06,SKU_04,12.49,0,0.0,0,0,371
2024-03-07,SKU_04,12.91,0,0.0,0,0,358
2024-03-08,SKU_04,12.98,0,0.0,0,1,411
2024-03-09,SKU_04,14.75,0,0.0,1,0,347
2024-03-10,SKU_04,14.7,0,0.0,1,0,339
2024-03-11,SKU_04,13.97,0,0.0,0,0,317
2024-03-12,SKU_04,13.49,0,0.0,0,0,344
2024-03-13,SKU_04,13.25,0,0.0,0,0,347
2024-03-14,SKU_04,13.02,0,0.0,0,0,345
2024-03-15,SKU_04,15.07,0,0.0,0,0,351
2024-03-16,SKU_04,15.8,0,0.0,1,0,341
2024-03-17,SKU_04,13.71,0,0.0,1,0,361
2024-03-18,SKU_04,15.94,0,0.0,0,0,332
2024-03-19,SKU_04,16.34,0,0.0,0,0,329
2024-03-20,SKU_04,16.34,0,0.0,0,0,327
2024-03-21,SKU_04,16.81,0,0.0,0,0,332
2024-03-22,SKU_04,18.26,0,0.0,0,0,328
2024-03-23,SKU_04,18.49,0,0.0,1,0,346
2024-03-24,SKU_04,16.54,0,0.0,1,0,331
2024-03-25,SKU_04,15.54,0,0.0,0,0,330
2024-03-26,SKU_04,16.76,0,0.0,0,0,320
2024-03-27,SKU_04,16.65,0,0.0,0,0,345
2024-03-28,SKU_04,17.48,0,0.0,0,0,336
2024-03-29,SKU_04,17.88,0,0.0,0,0,342
2024-03-30,SKU_04,16.84,0,0.0,1,0,354
2024-03-31,SKU_04,15.17,0,0.0,1,0,345
2024-04-01,SKU_04,16.74,0,0.0,0,0,294
2024-04-02,SKU_04,16.64,0,0.0,0,0,334
2024-04-03,SKU_04,19.1,0,0.0,0,0,331
2024-04-04,SKU_04,19.56,0,0.0,0,0,332
2024-04-05,SKU_04,20.54,0,0.0,0,0,324
2024-04-06,SKU_04,22.89,0,0.0,1,0,319
2024-04-07,SKU_04,23.3,0,0.0,1,0,316
2024-04-08,SKU_04,24.71,0,0.0,0,0,283
2024-04-09,SKU_04,24.97,0,0.0,0,0,302
2024-04-10,SKU_04,25.9,0,0.0,0,0,312
2024-04-11,SKU_04,25.49,0,0.0,0,0,310
2024-04-12,SKU_04,27.41,0,0.0,0,0,308
2024-04-13,SKU_04,26.42,0,0.0,1,0,329
2024-04-14,SKU_04,22.95,0,0.0,1,0,316
2024-04-15,SKU_04,22.52,0,0.0,0,0,305
2024-04-16,SKU_04,23.62,0,0.0,0,0,317
2024-04-17,SKU_04,27.04,0,0.0,0,0,306
2024-04-18,SKU_04,25.69,0,0.0,0,0,322
2024-04-19,SKU_04,29.0,0,0.0,0,0,294
2024-04-20,SKU_04,29.25,0,0.0,1,0,314
2024-04-21,SKU_04,28.87,0,0.0,1,0,297
2024-04-22,SKU_04,32.48,0,0.0,0,0,268
2024-04-23,SKU_04,34.75,0,0.0,0,0,275
2024-04-24,SKU_04,32.99,0,0.0,0,0,280
2024-04-25,SKU_04,35.0,0,0.0,0,0,276
2024-04-26,SKU_04,36.98,0,0.0,0,0,303
2024-04-27,SKU_04,34.79,0,0.0,1,0,281
2024-04-28,SKU_04,33.16,0,0.0,1,0,289
2024-04-29,SKU_04,31.07,1,0.226,0,0,451
2024-04-30,SKU_04,28.29,0,0.0,0,0,312
2024-05-01,SKU_04,27.58,0,0.0,0,1,364
2024-05-02,SKU_04,29.03,0,0.0,0,1,363
2024-05-03,SKU_04,29.54,0,0.0,0,0,304
2024-05-04,SKU_04,28.38,0,0.0,1,0,323
2024-05-05,SKU_04,24.51,0,0.0,1,0,321
2024-05-06,SKU_04,25.89,0,0.0,0,0,282
2024-05-07,SKU_04,24.93,0,0.0,0,0,311
2024-05-08,SKU_04,28.83,0,0.0,0,0,312
2024-05-09,SKU_04,29.44,0,0.0,0,1,378
2024-05-10,SKU_04,28.68,0,0.0,0,0,315
2024-05-11,SKU_04,28.7,0,0.0,1,0,331
2024-05-12,SKU_04,27.17,0,0.0,1,0,294
2024-05-13,SKU_04,25.21,0,0.0,0,0,298
2024-05-14,SKU_04,22.86,0,0.0,0,0,334
2024-05-15,SKU_04,23.13,0,0.0,0,0,334
2024-05-16,SKU_04,23.57,0,0.0,0,0,332
2024-05-17,SKU_04,22.45,0,0.0,0,0,362
2024-05-18,SKU_04,23.46,0,0.0,1,0,352
2024-05-19,SKU_04,23.51,0,0.0,1,0,336
2024-05-20,SKU_04,24.34,0,0.0,0,0,298
2024-05-21,SKU_04,24.92,0,0.0,0,0,322
2024-05-22,SKU_04,23.81,0,0.0,0,0,340
2024-05-23,SKU_04,26.4,0,0.0,0,0,328
2024-05-24,SKU_04,26.71,0,0.0,0,0,323
2024-05-25,SKU_04,25.99,0,0.0,1,0,329
2024-05-26,SKU_04,28.83,0,0.0,1,0,306
2024-05-27,SKU_04,30.78,0,0.0,0,0,284
2024-05-28,SKU_04,31.13,0,0.0,0,0,296
2024-05-29,SKU_04,32.9,0,0.0,0,0,296
2024-05-30,SKU_04,34.87,0,0.0,0,0,294
2024-05-31,SKU_04,34.51,0,0.0,0,0,286
2024-06-01,SKU_04,31.89,0,0.0,1,0,325
2024-06-02,SKU_04,35.19,1,0.307,1,0,505
2024-06-03,SKU_04,38.19,0,0.0,0,0,259
2024-06-04,SKU_04,34.4,0,0.0,0,0,296
2024-06-05,SKU_04,35.95,0,0.0,0,0,300
2024-06-06,SKU_04,33.82,0,0.0,0,0,308
2024-06-07,SKU_04,36.73,0,0.0,0,0,291
2024-06-08,SKU_04,32.87,0,0.0,1,0,335
2024-06-09,SKU_04,34.11,0,0.0,1,0,291
2024-06-10,SKU_04,31.25,0,0.0,0,0,280
2024-06-11,SKU_04,32.27,0,0.0,0,0,299
2024-06-12,SKU_04,29.77,0,0.0,0,0,315
2024-06-13,SKU_04,26.74,0,0.0,0,0,335
2024-06-14,SKU_04,29.25,0,0.0,0,0,322
2024-06-15,SKU_04,31.58,0,0.0,1,0,314
2024-06-16,SKU_04,27.19,0,0.0,1,0,328
2024-06-17,SKU_04,30.34,0,0.0,0,0,299
2024-06-18,SKU_04,32.41,0,0.0,0,0,41
2024-06-19,SKU_04,29.16,0,0.0,0,0,320
2024-06-20,SKU_04,33.99,0,0.0,0,0,300
2024-06-21,SKU_04,28.89,0,0.0,0,0,320
2024-06-22,SKU_04,30.49,0,0.0,1,0,328
2024-06-23,SKU_04,33.86,0,0.0,1,0,291
2024-06-24,SKU_04,33.79,0,0.0,0,0,273
2024-06-25,SKU_04,31.61,0,0.0,0,0,316
2024-06-26,SKU_04,29.35,0,0.0,0,0,324
2024-06-27,SKU_04,25.78,0,0.0,0,0,343
2024-06-28,SKU_04,23.16,0,0.0,0,0,362
2024-06-29,SKU_04,24.09,0,0.0,1,0,372
2024-06-30,SKU_04,26.22,0,0.0,1,0,336
2024-07-01,SKU_04,22.79,0,0.0,0,0,329
2024-07-02,SKU_04,23.84,0,0.0,0,0,345
2024-07-03,SKU_04,21.65,0,0.0,0,0,365
2024-07-04,SKU_04,21.42,0,0.0,0,0,358
2024-07-05,SKU_04,19.85,1,0.256,0,0,621
2024-07-06,SKU_04,20.18,0,0.0,1,0,385
2024-07-07,SKU_04,21.0,0,0.0,1,0,352
2024-07-08,SKU_04,23.7,0,0.0,0,0,323
2024-07-09,SKU_04,22.9,0,0.0,0,0,334
2024-07-10,SKU_04,21.84,1,0.193,0,0,570
2024-07-11,SKU_04,22.15,0,0.0,0,0,366
2024-07-12,SKU_04,21.33,0,0.0,0,0,371
2024-07-13,SKU_04,22.65,1,0.345,1,0,666
2024-07-14,SKU_04,22.1,0,0.0,1,0,345
2024-07-15,SKU_04,23.26,0,0.0,0,0,321
2024-07-16,SKU_04,20.59,0,0.0,0,0,375
2024-07-17,SKU_04,22.77,0,0.0,0,0,351
2024-07-18,SKU_04,22.6,0,0.0,0,0,370
2024-07-19,SKU_04,23.3,0,0.0,0,0,348
2024-07-20,SKU_04,23.75,0,0.0,1,0,369
2024-07-21,SKU_04,22.67,0,0.0,1,0,345
2024-07-22,SKU_04,21.14,0,0.0,0,0,331
2024-07-23,SKU_04,22.62,0,0.0,0,0,350
2024-07-24,SKU_04,22.9,0,0.0,0,0,356
2024-07-25,SKU_04,21.13,0,0.0,0,0,370
2024-07-26,SKU_04,22.33,0,0.0,0,0,366
2024-07-27,SKU_04,20.96,0,0.0,1,0,386
2024-07-28,SKU_04,20.89,0,0.0,1,0,373
2024-07-29,SKU_04,19.66,0,0.0,0,0,364
2024-07-30,SKU_04,20.4,0,0.0,0,0,375
2024-07-31,SKU_04,22.68,0,0.0,0,0,369
2024-08-01,SKU_04,21.28,0,0.0,0,0,373
2024-08-02,SKU_04,20.93,0,0.0,0,0,371
2024-08-03,SKU_04,22.75,0,0.0,1,0,380
2024-08-04,SKU_04,18.78,0,0.0,1,0,369
2024-08-05,SKU_04,17.49,0,0.0,0,0,359
2024-08-06,SKU_04,15.91,0,0.0,0,0,399
2024-08-07,SKU_04,14.51,0,0.0,0,0,431
2024-08-08,SKU_04,14.86,0,0.0,0,0,437
2024-08-09,SKU_04,15.35,0,0.0,0,0,414
2024-08-10,SKU_04,14.51,0,0.0,1,0,449
2024-08-11,SKU_04,14.55,0,0.0,1,0,417
2024-08-12,SKU_04,15.91,0,0.0,0,0,397
2024-08-13,SKU_04,15.55,0,0.0,0,0,393
2024-08-14,SKU_04,16.05,0,0.0,0,0,404
2024-08-15,SKU_04,17.48,0,0.0,0,0,402
2024-08-16,SKU_04,16.69,0,0.0,0,0,409
2024-08-17,SKU_04,18.54,0,0.0,1,0,395
2024-08-18,SKU_04,21.02,0,0.0,1,0,365
2024-08-19,SKU_04,20.82,0,0.0,0,0,354
2024-08-20,SKU_04,19.56,0,0.0,0,0,382
2024-08-21,SKU_04,21.2,0,0.0,0,0,396
2024-08-22,SKU_04,24.76,0,0.0,0,0,355
2024-08-23,SKU_04,23.58,1,0.142,0,0,531
2024-08-24,SKU_04,26.61,0,0.0,1,0,364
2024-08-25,SKU_04,27.47,0,0.0,1,0,340
2024-08-26,SKU_04,30.01,0,0.0,0,0,303
2024-08-27,SKU_04,25.37,0,0.0,0,0,344
2024-08-28,SKU_04,23.37,0,0.0,0,0,359
2024-08-29,SKU_04,21.85,0,0.0,0,0,366
2024-08-30,SKU_04,20.84,0,0.0,0,0,386
2024-08-31,SKU_04,20.04,0,0.0,1,0,402
2024-09-01,SKU_04,21.62,0,0.0,1,0,16
2024-09-02,SKU_04,22.8,0,0.0,0,0,345
2024-09-03,SKU_04,23.65,0,0.0,0,0,363
2024-09-04,SKU_04,22.89,0,0.0,0,0,392
2024-09-05,SKU_04,21.8,0,0.0,0,0,508
2024-09-06,SKU_04,21.21,0,0.0,0,0,380
2024-09-07,SKU_04,18.74,0,0.0,1,0,418
2024-09-08,SKU_04,18.95,0,0.0,1,0,389
2024-09-09,SKU_04,18.56,0,0.0,0,0,373
2024-09-10,SKU_04,18.52,0,0.0,0,0,387
2024-09-11,SKU_04,21.22,0,0.0,0,0,387
2024-09-12,SKU_04,23.12,0,0.0,0,0,374
2024-09-13,SKU_04,24.15,0,0.0,0,0,386
2024-09-14,SKU_04,22.13,0,0.0,1,0,406
2024-09-15,SKU_04,24.34,1,0.324,1,0,960
2024-09-16,SKU_04,25.02,0,0.0,0,0,339
2024-09-17,SKU_04,25.62,0,0.0,0,0,355
2024-09-18,SKU_04,26.53,0,0.0,0,0,359
2024-09-19,SKU_04,28.0,0,0.0,0,0,370
2024-09-20,SKU_04,28.85,0,0.0,0,0,352
2024-09-21,SKU_04,26.9,0,0.0,1,0,382
2024-09-22,SKU_04,29.43,0,0.0,1,0,364
2024-09-23,SKU_04,31.75,0,0.0,0,0,297
2024-09-24,SKU_04,29.83,0,0.0,0,0,361
2024-09-25,SKU_04,29.25,0,0.0,0,0,350
2024-09-26,SKU_04,32.09,0,0.0,0,0,340
2024-09-27,SKU_04,31.55,0,0.0,0,0,350
2024-09-28,SKU_04,31.76,0,0.0,1,0,347
2024-09-29,SKU_04,32.45,0,0.0,1,0,334
2024-09-30,SKU_04,34.85,0,0.0,0,0,318
2024-10-01,SKU_04,30.47,0,0.0,0,0,333
2024-10-02,SKU_04,30.69,0,0.0,0,0,358
2024-10-03,SKU_04,26.27,0,0.0,0,0,375
2024-10-04,SKU_04,27.2,0,0.0,0,0,371
2024-10-05,SKU_04,27.02,0,0.0,1,0,389
2024-10-06,SKU_04,27.69,0,0.0,1,0,323
2024-10-07,SKU_04,31.01,0,0.0,0,0,318
2024-10-08,SKU_04,31.59,0,0.0,0,0,341
2024-10-09,SKU_04,33.88,0,0.0,0,0,340
2024-10-10,SKU_04,31.49,0,0.0,0,0,351
2024-10-11,SKU_04,28.96,0,0.0,0,0,354
2024-10-12,SKU_04,31.23,0,0.0,1,0,383
2024-10-13,SKU_04,29.12,0,0.0,1,0,348
2024-10-14,SKU_04,31.4,0,0.0,0,0,329
2024-10-15,SKU_04,39.02,0,0.0,0,0,308
2024-10-16,SKU_04,34.62,0,0.0,0,0,343
2024-10-17,SKU_04,34.25,0,0.0,0,0,352
2024-10-18,SKU_04,35.05,0,0.0,0,0,340
2024-10-19,SKU_04,37.39,0,0.0,1,0,359
2024-10-20,SKU_04,43.73,0,0.0,1,0,336
2024-10-21,SKU_04,47.96,0,0.0,0,0,295
2024-10-22,SKU_04,42.86,0,0.0,0,0,320
2024-10-23,SKU_04,41.39,0,0.0,0,0,335
2024-10-24,SKU_04,43.33,0,0.0,0,0,312
2024-10-25,SKU_04,36.5,0,0.0,0,0,343
2024-10-26,SKU_04,40.84,0,0.0,1,0,351
2024-10-27,SKU_04,38.84,0,0.0,1,0,342
2024-10-28,SKU_04,36.61,0,0.0,0,0,320
2024-10-29,SKU_04,33.0,0,0.0,0,0,347
2024-10-30,SKU_04,35.72,0,0.0,0,0,356
2024-10-31,SKU_04,33.57,0,0.0,0,0,363
2024-11-01,SKU_04,29.67,0,0.0,0,0,386
2024-11-02,SKU_04,27.95,0,0.0,1,0,424
2024-11-03,SKU_04,30.0,0,0.0,1,0,370
2024-11-04,SKU_04,31.01,0,0.0,0,0,355
2024-11-05,SKU_04,30.15,0,0.0,0,0,362
2024-11-06,SKU_04,32.31,0,0.0,0,0,374
2024-11-07,SKU_04,31.2,0,0.0,0,0,389
2024-11-08,SKU_04,32.48,0,0.0,0,0,389
2024-11-09,SKU_04,35.14,0,0.0,1,0,378
2024-11-10,SKU_04,40.1,0,0.0,1,0,353
2024-11-11,SKU_04,42.0,0,0.0,0,0,325
2024-11-12,SKU_04,46.73,0,0.0,0,0,332
2024-11-13,SKU_04,41.48,1,0.262,0,0,587
2024-11-14,SKU_04,43.96,0,0.0,0,0,347
2024-11-15,SKU_04,45.61,0,0.0,0,0,336
2024-11-16,SKU_04,45.36,0,0.0,1,0,351
2024-11-17,SKU_04,42.79,0,0.0,1,0,340
2024-11-18,SKU_04,43.94,0,0.0,0,0,321
2024-11-19,SKU_04,40.95,0,0.0,0,0,340
2024-11-20,SKU_04,42.86,0,0.0,0,0,349
2024-11-21,SKU_04,45.32,0,0.0,0,0,353
2024-11-22,SKU_04,45.54,0,0.0,0,0,338
2024-11-23,SKU_04,44.29,0,0.0,1,0,368
2024-11-24,SKU_04,46.35,0,0.0,1,0,332
2024-11-25,SKU_04,51.42,0,0.0,0,0,307
2024-11-26,SKU_04,50.8,0,0.0,0,0,331
2024-11-27,SKU_04,51.69,0,0.0,0,0,455
2024-11-28,SKU_04,45.56,0,0.0,0,0,361
2024-11-29,SKU_04,40.72,0,0.0,0,0,354
2024-11-30,SKU_04,44.96,0,0.0,1,0,375
2024-12-01,SKU_04,51.48,0,0.0,1,0,325
2024-12-02,SKU_04,51.2,0,0.0,0,0,326
2024-12-03,SKU_04,49.35,0,0.0,0,0,343
2024-12-04,SKU_04,51.06,0,0.0,0,0,341
2024-12-05,SKU_04,54.29,0,0.0,0,0,360
2024-12-06,SKU_04,48.77,0,0.0,0,0,368
2024-12-07,SKU_04,51.23,0,0.0,1,0,382
2024-12-08,SKU_04,52.24,0,0.0,1,0,338
2024-12-09,SKU_04,56.7,0,0.0,0,0,324
2024-12-10,SKU_04,63.01,0,0.0,0,0,328
2024-12-11,SKU_04,65.54,1,0.102,0,0,466
2024-12-12,SKU_04,65.25,0,0.0,0,0,321
2024-12-13,SKU_04,61.76,0,0.0,0,0,338
2024-12-14,SKU_04,53.81,0,0.0,1,0,374
2024-12-15,SKU_04,60.11,0,0.0,1,0,327
2024-12-16,SKU_04,52.68,0,0.0,0,0,320
2024-12-17,SKU_04,57.2,0,0.0,0,0,330
2024-12-18,SKU_04,65.15,0,0.0,0,0,357
2024-12-19,SKU_04,70.23,0,0.0,0,0,332
2024-12-20,SKU_04,65.1,0,0.0,0,0,342
2024-12-21,SKU_04,57.88,0,0.0,1,0,373
2024-12-22,SKU_04,56.1,0,0.0,1,0,347
2024-12-23,SKU_04,62.53,0,0.0,0,0,317
2024-12-24,SKU_04,66.29,0,0.0,0,0,327
2024-12-25,SKU_04,62.25,0,0.0,0,0,367
2024-12-26,SKU_04,64.38,0,0.0,0,0,343
2024-12-27,SKU_04,74.43,0,0.0,0,0,343
2024-12-28,SKU_04,82.19,0,0.0,1,0,321
2024-12-29,SKU_04,81.76,0,0.0,1,0,331
2024-12-30,SKU_04,67.98,0,0.0,0,0,315
2024-12-31,SKU_04,60.19,0,0.0,0,0,366
2025-01-01,SKU_04,58.54,0,0.0,0,1,430
2025-01-02,SKU_04,57.12,0,0.0,0,0,356
2025-01-03,SKU_04,61.53,0,0.0,0,0,367
2025-01-04,SKU_04,61.76,0,0.0,1,0,355
2025-01-05,SKU_04,64.54,0,0.0,1,0,354
2025-01-06,SKU_04,64.0,0,0.0,0,0,315
2025-01-07,SKU_04,72.99,0,0.0,0,1,396
2025-01-08,SKU_04,68.04,0,0.0,0,0,347
2025-01-09,SKU_04,66.92,0,0.0,0,0,342
2025-01-10,SKU_04,59.88,0,0.0,0,0,388
2025-01-11,SKU_04,53.5,0,0.0,1,0,379
2025-01-12,SKU_04,52.41,0,0.0,1,0,389
2025-01-13,SKU_04,48.49,0,0.0,0,0,377
2025-01-14,SKU_04,45.33,0,0.0,0,0,407
2025-01-15,SKU_04,42.37,0,0.0,0,0,414
2025-01-16,SKU_04,45.2,0,0.0,0,0,425
2025-01-17,SKU_04,42.17,0,0.0,0,0,424
2025-01-18,SKU_04,45.17,0,0.0,1,0,437
2025-01-19,SKU_04,43.61,1,0.116,1,0,598
2025-01-20,SKU_04,43.89,0,0.0,0,0,387
2025-01-21,SKU_04,46.57,0,0.0,0,0,399
2025-01-22,SKU_04,45.85,0,0.0,0,0,427
2025-01-23,SKU_04,41.99,0,0.0,0,0,430
2025-01-24,SKU_04,44.99,0,0.0,0,0,420
2025-01-25,SKU_04,43.97,0,0.0,1,0,452
2025-01-26,SKU_04,37.97,0,0.0,1,0,444
2025-01-27,SKU_04,39.76,0,0.0,0,0,426
2025-01-28,SKU_04,39.55,0,0.0,0,0,444
2025-01-29,SKU_04,43.26,0,0.0,0,0,451
2025-01-30,SKU_04,41.93,0,0.0,0,0,442
2025-01-31,SKU_04,39.45,0,0.0,0,0,460
2025-02-01,SKU_04,39.63,0,0.0,1,0,466
2025-02-02,SKU_04,38.91,0,0.0,1,0,440
2025-02-03,SKU_04,44.11,0,0.0,0,0,411
2025-02-04,SKU_04,45.43,0,0.0,0,0,421
2025-02-05,SKU_04,41.37,0,0.0,0,0,461
2025-02-06,SKU_04,42.63,0,0.0,0,0,453
2025-02-07,SKU_04,41.18,0,0.0,0,0,455
2025-02-08,SKU_04,42.64,0,0.0,1,0,489
2025-02-09,SKU_04,39.57,0,0.0,1,0,451
2025-02-10,SKU_04,41.09,0,0.0,0,0,424
2025-02-11,SKU_04,36.9,0,0.0,0,0,470
2025-02-12,SKU_04,38.47,0,0.0,0,0,472
2025-02-13,SKU_04,38.25,0,0.0,0,0,476
2025-02-14,SKU_04,32.7,0,0.0,0,0,518
2025-02-15,SKU_04,34.84,0,0.0,1,0,509
2025-02-16,SKU_04,34.3,1,0.322,1,0,861
2025-02-17,SKU_04,36.72,0,0.0,0,0,444
2025-02-18,SKU_04,38.0,0,0.0,0,0,481
2025-02-19,SKU_04,38.16,0,0.0,0,0,491
2025-02-20,SKU_04,33.55,0,0.0,0,0,509
2025-02-21,SKU_04,28.69,0,0.0,0,0,752
2025-02-22,SKU_04,28.24,1,0.295,1,0,972
2025-02-23,SKU_04,26.39,0,0.0,1,1,651
2025-02-24,SKU_04,31.46,0,0.0,0,0,497
2025-02-25,SKU_04,31.16,0,0.0,0,0,519
2025-02-26,SKU_04,32.03,0,0.0,0,0,531
2025-02-27,SKU_04,34.83,0,0.0,0,0,508
2025-02-28,SKU_04,35.54,0,0.0,0,0,523
2025-03-01,SKU_04,33.77,0,0.0,1,0,536
2025-03-02,SKU_04,35.61,0,0.0,1,0,491
2025-03-03,SKU_04,40.34,0,0.0,0,0,435
2025-03-04,SKU_04,42.41,0,0.0,0,0,464
2025-03-05,SKU_04,39.42,0,0.0,0,0,510
2025-03-06,SKU_04,35.83,0,0.0,0,0,530
2025-03-07,SKU_04,35.22,0,0.0,0,0,518
2025-03-08,SKU_04,35.1,0,0.0,1,1,660
2025-03-09,SKU_04,33.09,0,0.0,1,0,528
2025-03-10,SKU_04,32.87,0,0.0,0,0,487
2025-03-11,SKU_04,31.59,0,0.0,0,0,535
2025-03-12,SKU_04,27.67,0,0.0,0,0,582
2025-03-13,SKU_04,28.62,0,0.0,0,0,564
2025-03-14,SKU_04,31.68,0,0.0,0,0,556
2025-03-15,SKU_04,29.94,0,0.0,1,0,581
2025-03-16,SKU_04,29.73,0,0.0,1,0,559
2025-03-17,SKU_04,31.66,0,0.0,0,0,512
2025-03-18,SKU_04,32.76,0,0.0,0,0,517
2025-03-19,SKU_04,35.78,0,0.0,0,0,12
2025-03-20,SKU_04,35.8,0,0.0,0,0,522
2025-03-21,SKU_04,32.98,0,0.0,0,0,550
2025-03-22,SKU_04,36.06,0,0.0,1,0,554
2025-03-23,SKU_04,37.37,0,0.0,1,0,514
2025-03-24,SKU_04,37.28,0,0.0,0,0,486
2025-03-25,SKU_04,35.46,0,0.0,0,0,507
2025-03-26,SKU_04,36.83,0,0.0,0,0,512
2025-03-27,SKU_04,35.89,0,0.0,0,0,524
2025-03-28,SKU_04,37.71,0,0.0,0,0,533
2025-03-29,SKU_04,37.08,0,0.0,1,0,554
2025-03-30,SKU_04,36.23,0,0.0,1,0,525
2025-03-31,SKU_04,35.45,0,0.0,0,0,509
2025-04-01,SKU_04,35.53,0,0.0,0,0,518
2025-04-02,SKU_04,35.26,0,0.0,0,0,554
2025-04-03,SKU_04,36.11,0,0.0,0,0,534
2025-04-04,SKU_04,41.76,0,0.0,0,0,513
2025-04-05,SKU_04,39.91,0,0.0,1,0,531
2025-04-06,SKU_04,40.46,0,0.0,1,0,507
2025-04-07,SKU_04,36.02,0,0.0,0,0,502
2025-04-08,SKU_04,37.52,0,0.0,0,0,512
2025-04-09,SKU_04,38.75,0,0.0,0,0,541
2025-04-10,SKU_04,42.92,0,0.0,0,0,536
2025-04-11,SKU_04,39.6,0,0.0,0,0,531
2025-04-12,SKU_04,38.02,0,0.0,1,0,563
2025-04-13,SKU_04,39.55,0,0.0,1,0,527
2025-04-14,SKU_04,36.55,0,0.0,0,0,508
2025-04-15,SKU_04,33.71,0,0.0,0,0,543
2025-04-16,SKU_04,37.91,0,0.0,0,0,549
2025-04-17,SKU_04,39.59,0,0.0,0,0,544
2025-04-18,SKU_04,39.25,0,0.0,0,0,538
2025-04-19,SKU_04,37.03,0,0.0,1,0,567
2025-04-20,SKU_04,37.05,0,0.0,1,0,512
2025-04-21,SKU_04,37.81,0,0.0,0,0,494
2025-04-22,SKU_04,40.39,0,0.0,0,0,510
2025-04-23,SKU_04,42.33,0,0.0,0,0,541
2025-04-24,SKU_04,39.46,0,0.0,0,0,536
2025-04-25,SKU_04,40.03,0,0.0,0,0,523
2025-04-26,SKU_04,35.73,0,0.0,1,0,581
2025-04-27,SKU_04,39.73,0,0.0,1,0,504
2025-04-28,SKU_04,38.45,0,0.0,0,0,504
2025-04-29,SKU_04,40.19,0,0.0,0,0,522
2025-04-30,SKU_04,45.01,0,0.0,0,0,505
2025-05-01,SKU_04,51.21,0,0.0,0,1,597
2025-05-02,SKU_04,44.58,0,0.0,0,1,618
2025-05-03,SKU_04,48.19,0,0.0,1,0,508
2025-05-04,SKU_04,51.02,0,0.0,1,0,479
2025-05-05,SKU_04,53.98,0,0.0,0,0,441
2025-05-06,SKU_04,58.92,0,0.0,0,0,456
2025-05-07,SKU_04,55.27,0,0.0,0,0,478
2025-05-08,SKU_04,61.62,0,0.0,0,0,477
2025-05-09,SKU_04,61.3,0,0.0,0,1,549
2025-05-10,SKU_04,60.23,0,0.0,1,0,480
2025-05-11,SKU_04,66.01,0,0.0,1,0,451
2025-05-12,SKU_04,66.23,0,0.0,0,0,410
2025-05-13,SKU_04,61.04,0,0.0,0,0,446
2025-05-14,SKU_04,61.53,0,0.0,0,0,459
2025-05-15,SKU_04,71.29,0,0.0,0,0,425
2025-05-16,SKU_04,73.85,0,0.0,0,0,425
2025-05-17,SKU_04,69.71,0,0.0,1,0,445
2025-05-18,SKU_04,59.45,0,0.0,1,0,444
2025-05-19,SKU_04,64.11,0,0.0,0,0,413
2025-05-20,SKU_04,65.08,0,0.0,0,0,443
2025-05-21,SKU_04,59.48,0,0.0,0,0,495
2025-05-22,SKU_04,56.84,0,0.0,0,0,467
2025-05-23,SKU_04,67.33,0,0.0,0,0,454
2025-05-24,SKU_04,67.28,0,0.0,1,0,469
2025-05-25,SKU_04,66.9,0,0.0,1,0,413
2025-05-26,SKU_04,68.07,0,0.0,0,0,428
2025-05-27,SKU_04,70.53,0,0.0,0,0,442
2025-05-28,SKU_04,64.03,0,0.0,0,0,468
2025-05-29,SKU_04,55.88,0,0.0,0,0,474
2025-05-30,SKU_04,58.15,0,0.0,0,0,467
2025-05-31,SKU_04,57.05,0,0.0,1,0,508
2025-06-01,SKU_04,54.82,0,0.0,1,0,466
2025-06-02,SKU_04,52.92,0,0.0,0,0,441
2025-06-03,SKU_04,52.43,0,0.0,0,0,482
2025-06-04,SKU_04,59.85,0,0.0,0,0,474
2025-06-05,SKU_04,67.53,0,0.0,0,0,454
2025-06-06,SKU_04,61.73,0,0.0,0,0,477
2025-06-07,SKU_04,61.41,0,0.0,1,0,479
2025-06-08,SKU_04,53.7,0,0.0,1,0,466
2025-06-09,SKU_04,51.99,0,0.0,0,0,455
2025-06-10,SKU_04,46.85,0,0.0,0,0,497
2025-06-11,SKU_04,50.47,0,0.0,0,0,494
2025-06-12,SKU_04,53.92,0,0.0,0,0,479
2025-06-13,SKU_04,45.46,0,0.0,0,0,502
2025-06-14,SKU_04,42.91,0,0.0,1,0,531
2025-06-15,SKU_04,44.13,0,0.0,1,0,502
2025-06-16,SKU_04,52.64,1,0.129,0,0,660
2025-06-17,SKU_04,51.28,0,0.0,0,0,484
2025-06-18,SKU_04,46.31,0,0.0,0,0,501
2025-06-19,SKU_04,46.84,0,0.0,0,0,502
2025-06-20,SKU_04,50.54,0,0.0,0,0,497
2025-06-21,SKU_04,48.67,0,0.0,1,0,525
2025-06-22,SKU_04,48.25,0,0.0,1,0,501
2025-06-23,SKU_04,52.0,0,0.0,0,0,433
2025-06-24,SKU_04,53.86,0,0.0,0,0,462
2025-06-25,SKU_04,62.99,0,0.0,0,0,474
2025-06-26,SKU_04,66.03,0,0.0,0,0,442
2025-06-27,SKU_04,66.75,0,0.0,0,0,439
2025-06-28,SKU_04,71.28,0,0.0,1,0,440
2025-06-29,SKU_04,64.7,0,0.0,1,0,420
2025-06-30,SKU_04,63.85,0,0.0,0,0,415
2025-07-01,SKU_04,60.14,0,0.0,0,0,448
2025-07-02,SKU_04,58.96,0,0.0,0,0,458
2025-07-03,SKU_04,66.69,0,0.0,0,0,451
2025-07-04,SKU_04,61.58,0,0.0,0,0,457
2025-07-05,SKU_04,55.27,0,0.0,1,0,500
2025-07-06,SKU_04,55.12,0,0.0,1,0,453
2025-07-07,SKU_04,59.96,0,0.0,0,0,443
2025-07-08,SKU_04,63.72,0,0.0,0,0,449
2025-07-09,SKU_04,61.34,0,0.0,0,0,459
2025-07-10,SKU_04,55.27,0,0.0,0,0,469
2025-07-11,SKU_04,53.78,0,0.0,0,0,485
2025-07-12,SKU_04,51.46,0,0.0,1,0,502
2025-07-13,SKU_04,48.93,0,0.0,1,0,480
2025-07-14,SKU_04,42.9,0,0.0,0,0,465
2025-07-15,SKU_04,46.7,0,0.0,0,0,476
2025-07-16,SKU_04,41.79,0,0.0,0,0,509
2025-07-17,SKU_04,42.28,0,0.0,0,0,526
2025-07-18,SKU_04,40.81,0,0.0,0,0,546
2025-07-19,SKU_04,37.0,0,0.0,1,0,579
2025-07-20,SKU_04,39.13,0,0.0,1,0,522
2025-07-21,SKU_04,35.22,0,0.0,0,0,508
2025-07-22,SKU_04,39.53,0,0.0,0,0,505
2025-07-23,SKU_04,36.2,0,0.0,0,0,43
2025-07-24,SKU_04,37.43,0,0.0,0,0,537
2025-07-25,SKU_04,38.8,0,0.0,0,0,47
2025-07-26,SKU_04,39.01,0,0.0,1,0,535
2025-07-27,SKU_04,42.6,0,0.0,1,0,501
2025-07-28,SKU_04,40.16,0,0.0,0,0,493
2025-07-29,SKU_04,40.69,0,0.0,0,0,505
2025-07-30,SKU_04,40.64,0,0.0,0,0,521
2025-07-31,SKU_04,43.96,0,0.0,0,0,499
2025-08-01,SKU_04,45.05,0,0.0,0,0,519
2025-08-02,SKU_04,44.81,0,0.0,1,0,512
2025-08-03,SKU_04,51.09,0,0.0,1,0,470
2025-08-04,SKU_04,49.74,0,0.0,0,0,448
2025-08-05,SKU_04,59.14,0,0.0,0,0,453
2025-08-06,SKU_04,60.89,0,0.0,0,0,454
2025-08-07,SKU_04,67.44,0,0.0,0,0,437
2025-08-08,SKU_04,73.68,0,0.0,0,0,427
2025-08-09,SKU_04,59.81,0,0.0,1,0,474
2025-08-10,SKU_04,59.6,0,0.0,1,0,436
2025-08-11,SKU_04,65.92,0,0.0,0,0,395
2025-08-12,SKU_04,65.5,0,0.0,0,0,428
2025-08-13,SKU_04,66.03,0,0.0,0,0,449
2025-08-14,SKU_04,60.44,0,0.0,0,0,462
2025-08-15,SKU_04,62.1,0,0.0,0,0,455
2025-08-16,SKU_04,52.11,0,0.0,1,0,492
2025-08-17,SKU_04,53.11,0,0.0,1,0,465
2025-08-18,SKU_04,49.28,0,0.0,0,0,454
2025-08-19,SKU_04,49.65,0,0.0,0,0,471
2025-08-20,SKU_04,45.8,0,0.0,0,0,495
2025-08-21,SKU_04,43.07,0,0.0,0,0,502
2025-08-22,SKU_04,39.28,0,0.0,0,0,519
2025-08-23,SKU_04,34.56,0,0.0,1,0,575
2025-08-24,SKU_04,34.93,0,0.0,1,0,525
2025-08-25,SKU_04,31.98,0,0.0,0,0,520
2025-08-26,SKU_04,31.88,0,0.0,0,0,561
2025-08-27,SKU_04,31.08,0,0.0,0,0,585
2025-08-28,SKU_04,30.74,0,0.0,0,0,588
2025-08-29,SKU_04,33.26,0,0.0,0,0,565
2025-08-30,SKU_04,35.26,0,0.0,1,0,573
2025-08-31,SKU_04,38.17,0,0.0,1,0,513
2025-09-01,SKU_04,36.35,0,0.0,0,0,507
2025-09-02,SKU_04,38.84,0,0.0,0,0,512
2025-09-03,SKU_04,38.39,0,0.0,0,0,529
2025-09-04,SKU_04,42.35,0,0.0,0,0,511
2025-09-05,SKU_04,40.23,0,0.0,0,0,528
2025-09-06,SKU_04,39.35,0,0.0,1,0,561
2025-09-07,SKU_04,42.59,0,0.0,1,0,502
2025-09-08,SKU_04,40.48,0,0.0,0,0,484
2025-09-09,SKU_04,41.04,0,0.0,0,0,502
2025-09-10,SKU_04,39.58,0,0.0,0,0,518
2025-09-11,SKU_04,37.48,0,0.0,0,0,536
2025-09-12,SKU_04,39.91,0,0.0,0,0,527
2025-09-13,SKU_04,36.59,0,0.0,1,0,559
2025-09-14,SKU_04,38.49,0,0.0,1,0,525
2025-09-15,SKU_04,35.41,0,0.0,0,0,505
2025-09-16,SKU_04,31.07,0,0.0,0,0,559
2025-09-17,SKU_04,29.68,0,0.0,0,0,573
2025-09-18,SKU_04,32.71,0,0.0,0,0,568
2025-09-19,SKU_04,31.4,1,0.213,0,0,917
2025-09-20,SKU_04,30.39,0,0.0,1,0,612
2025-09-21,SKU_04,30.25,0,0.0,1,0,548
2025-09-22,SKU_04,29.5,0,0.0,0,0,542
2025-09-23,SKU_04,28.74,0,0.0,0,0,578
2025-09-24,SKU_04,29.36,0,0.0,0,0,605
2025-09-25,SKU_04,26.7,0,0.0,0,0,618
2025-09-26,SKU_04,21.38,0,0.0,0,0,657
2025-09-27,SKU_04,22.67,0,0.0,1,0,677
2025-09-28,SKU_04,24.63,0,0.0,1,0,611
2025-09-29,SKU_04,22.47,0,0.0,0,0,609
2025-09-30,SKU_04,18.36,0,0.0,0,0,696
2025-10-01,SKU_04,16.81,0,0.0,0,0,736
2025-10-02,SKU_04,18.02,0,0.0,0,0,699
2025-10-03,SKU_04,16.9,0,0.0,0,0,725
2025-10-04,SKU_04,16.61,0,0.0,1,0,767
2025-10-05,SKU_04,17.99,0,0.0,1,0,693
2025-10-06,SKU_04,17.72,0,0.0,0,0,659
2025-10-07,SKU_04,18.62,0,0.0,0,0,679
2025-10-08,SKU_04,17.0,0,0.0,0,0,727
2025-10-09,SKU_04,15.66,0,0.0,0,0,747
2025-10-10,SKU_04,14.49,0,0.0,0,0,772
2025-10-11,SKU_04,14.14,0,0.0,1,0,792
2025-10-12,SKU_04,13.97,0,0.0,1,0,762
2025-10-13,SKU_04,13.02,0,0.0,0,0,744
2025-10-14,SKU_04,13.15,0,0.0,0,0,786
2025-10-15,SKU_04,13.8,0,0.0,0,0,788
2025-10-16,SKU_04,12.95,0,0.0,0,0,810
2025-10-17,SKU_04,13.78,0,0.0,0,0,804
2025-10-18,SKU_04,14.57,0,0.0,1,0,817
2025-10-19,SKU_04,15.48,0,0.0,1,0,749
2025-10-20,SKU_04,14.31,0,0.0,0,0,719
2025-10-21,SKU_04,14.06,0,0.0,0,0,761
2025-10-22,SKU_04,14.34,0,0.0,0,0,788
2025-10-23,SKU_04,13.4,0,0.0,0,0,814
2025-10-24,SKU_04,14.74,0,0.0,0,0,791
2025-10-25,SKU_04,15.32,0,0.0,1,0,814
2025-10-26,SKU_04,14.73,0,0.0,1,0,771
2025-10-27,SKU_04,15.32,0,0.0,0,0,713
2025-10-28,SKU_04,15.32,0,0.0,0,0,755
2025-10-29,SKU_04,15.48,0,0.0,0,0,776
2025-10-30,SKU_04,15.2,0,0.0,0,0,782
2025-10-31,SKU_04,15.24,0,0.0,0,0,798
2025-11-01,SKU_04,14.4,0,0.0,1,0,846
2025-11-02,SKU_04,14.73,0,0.0,1,0,769
2025-11-03,SKU_04,13.01,0,0.0,0,0,761
2025-11-04,SKU_04,11.25,0,0.0,0,0,855
2025-11-05,SKU_04,11.26,0,0.0,0,0,885
2025-11-06,SKU_04,10.97,0,0.0,0,0,882
2025-11-07,SKU_04,10.77,0,0.0,0,0,927
2025-11-08,SKU_04,9.33,0,0.0,1,0,990
2025-11-09,SKU_04,9.79,0,0.0,1,0,891
2025-11-10,SKU_04,9.26,0,0.0,0,0,860
2025-11-11,SKU_04,8.28,0,0.0,0,0,960
2025-11-12,SKU_04,6.99,0,0.0,0,0,1065
2025-11-13,SKU_04,7.31,0,0.0,0,0,1040
2025-11-14,SKU_04,7.34,0,0.0,0,0,1049
2025-11-15,SKU_04,7.7,0,0.0,1,0,1075
2025-11-16,SKU_04,8.53,0,0.0,1,0,968
2025-11-17,SKU_04,8.37,0,0.0,0,0,915
2025-11-18,SKU_04,7.23,0,0.0,0,0,1030
2025-11-19,SKU_04,6.76,0,0.0,0,0,1089
2025-11-20,SKU_04,7.02,0,0.0,0,0,1077
2025-11-21,SKU_04,6.92,0,0.0,0,0,1099
2025-11-22,SKU_04,6.58,0,0.0,1,0,1137
2025-11-23,SKU_04,7.58,0,0.0,1,0,1026
2025-11-24,SKU_04,7.2,0,0.0,0,0,991
2025-11-25,SKU_04,6.3,0,0.0,0,0,1091
2025-11-26,SKU_04,5.94,0,0.0,0,0,1170
2025-11-27,SKU_04,4.99,0,0.0,0,0,1232
2025-11-28,SKU_04,4.98,0,0.0,0,0,1253
2025-11-29,SKU_04,5.17,0,0.0,1,0,1265
2025-11-30,SKU_04,4.53,0,0.0,1,0,1238
2025-12-01,SKU_04,4.5,0,0.0,0,0,1197
2025-12-02,SKU_04,4.88,0,0.0,0,0,1237
2025-12-03,SKU_04,4.47,0,0.0,0,0,1317
2025-12-04,SKU_04,3.73,0,0.0,0,0,1387
2025-12-05,SKU_04,3.64,0,0.0,0,0,1427
2025-12-06,SKU_04,3.79,0,0.0,1,0,1455
2025-12-07,SKU_04,3.83,0,0.0,1,0,1344
2025-12-08,SKU_04,3.58,0,0.0,0,0,1324
2025-12-09,SKU_04,3.74,0,0.0,0,0,1365
2025-12-10,SKU_04,3.69,0,0.0,0,0,1430
2025-12-11,SKU_04,3.62,0,0.0,0,0,1439
2025-12-12,SKU_04,3.77,0,0.0,0,0,1419
2025-12-13,SKU_04,3.78,0,0.0,1,0,1467
2025-12-14,SKU_04,4.07,0,0.0,1,0,1342
2025-12-15,SKU_04,4.15,0,0.0,0,0,1287
2025-12-16,SKU_04,4.43,0,0.0,0,0,1311
2025-12-17,SKU_04,5.26,0,0.0,0,0,1288
2025-12-18,SKU_04,5.25,0,0.0,0,0,1278
2025-12-19,SKU_04,4.49,0,0.0,0,0,1379
2025-12-20,SKU_04,4.16,0,0.0,1,0,1430
2025-12-21,SKU_04,4.21,0,0.0,1,0,1363
2025-12-22,SKU_04,3.3,0,0.0,0,0,1395
2025-12-23,SKU_04,2.85,0,0.0,0,0,1566
2025-12-24,SKU_04,3.02,0,0.0,0,0,1595
2025-12-25,SKU_04,3.19,0,0.0,0,0,1565
2025-12-26,SKU_04,3.04,0,0.0,0,0,1603
2025-12-27,SKU_04,3.02,0,0.0,1,0,1624
2025-12-28,SKU_04,2.92,0,0.0,1,0,1575
2025-12-29,SKU_04,2.6,0,0.0,0,0,1561
2025-12-30,SKU_04,2.8,0,0.0,0,0,1607
2025-12-31,SKU_04,2.99,0,0.0,0,0,1630
2026-01-01,SKU_04,3.16,0,0.0,0,1,1909
2026-01-02,SKU_04,3.51,0,0.0,0,0,1565
2026-01-03,SKU_04,3.58,0,0.0,1,0,1587
2026-01-04,SKU_04,3.71,0,0.0,1,0,1475
2026-01-05,SKU_04,3.7,0,0.0,0,0,1403
2026-01-06,SKU_04,3.85,0,0.0,0,0,1474
2026-01-07,SKU_04,4.01,0,0.0,0,1,1794
2026-01-08,SKU_04,4.1,0,0.0,0,0,1476
2026-01-09,SKU_04,4.75,0,0.0,0,0,1416
2026-01-10,SKU_04,5.1,0,0.0,1,0,90
2026-01-11,SKU_04,4.8,0,0.0,1,0,1369
2026-01-12,SKU_04,5.03,0,0.0,0,0,1280
2026-01-13,SKU_04,5.18,0,0.0,0,0,1330
2026-01-14,SKU_04,5.39,0,0.0,0,0,1376
2026-01-15,SKU_04,4.79,0,0.0,0,0,1420
2026-01-16,SKU_04,3.93,0,0.0,0,0,1543
2026-01-17,SKU_04,3.59,0,0.0,1,0,1645
2026-01-18,SKU_04,3.62,0,0.0,1,0,1528
2026-01-19,SKU_04,2.91,0,0.0,0,0,1578
2026-01-20,SKU_04,2.86,0,0.0,0,0,1693
2026-01-21,SKU_04,3.03,0,0.0,0,0,1711
2026-01-22,SKU_04,2.76,0,0.0,0,0,1775
2026-01-23,SKU_04,3.21,0,0.0,0,0,1685
2026-01-24,SKU_04,2.75,0,0.0,1,0,1819
2026-01-25,SKU_04,2.69,0,0.0,1,0,1738
2026-01-26,SKU_04,2.92,0,0.0,0,0,1609
2026-01-27,SKU_04,3.07,0,0.0,0,0,1670
2026-01-28,SKU_04,3.19,0,0.0,0,0,1701
2026-01-29,SKU_04,3.61,0,0.0,0,0,1637
2026-01-30,SKU_04,3.8,0,0.0,0,0,1626
2026-01-31,SKU_04,4.1,0,0.0,1,0,1632
2026-02-01,SKU_04,3.69,0,0.0,1,0,1575
2026-02-02,SKU_04,3.68,0,0.0,0,0,1503
2026-02-03,SKU_04,3.35,0,0.0,0,0,1649
2026-02-04,SKU_04,3.14,0,0.0,0,0,1744
2026-02-05,SKU_04,3.28,0,0.0,0,0,1711
2026-02-06,SKU_04,3.36,0,0.0,0,0,1716
2026-02-07,SKU_04,3.33,0,0.0,1,0,1775
2026-02-08,SKU_04,3.06,0,0.0,1,0,1705
2026-02-09,SKU_04,3.15,0,0.0,0,0,1614
2026-02-10,SKU_04,3.38,0,0.0,0,0,1674
2026-02-11,SKU_04,3.51,0,0.0,0,0,1705
2026-02-12,SKU_04,3.38,0,0.0,0,0,1720
2026-02-13,SKU_04,3.65,0,0.0,0,0,1678
2026-02-14,SKU_04,3.75,0,0.0,1,0,1719
2026-02-15,SKU_04,3.51,0,0.0,1,0,1658
2026-02-16,SKU_04,2.91,0,0.0,0,0,1684
2026-02-17,SKU_04,2.63,0,0.0,0,0,1835
2026-02-18,SKU_04,2.54,0,0.0,0,0,1930
2026-02-19,SKU_04,2.46,0,0.0,0,0,1951
2026-02-20,SKU_04,2.12,0,0.0,0,0,2072
2026-02-21,SKU_04,1.99,0,0.0,1,0,2184
2026-02-22,SKU_04,1.76,0,0.0,1,0,2139
2026-02-23,SKU_04,1.89,0,0.0,0,1,2383
2026-02-24,SKU_04,1.81,0,0.0,0,0,2126
2026-02-25,SKU_04,1.93,0,0.0,0,0,2174
2026-02-26,SKU_04,1.92,0,0.0,0,0,2170
2026-02-27,SKU_04,2.02,0,0.0,0,0,2140
2026-02-28,SKU_04,2.46,0,0.0,1,0,2063
2026-03-01,SKU_04,2.41,0,0.0,1,0,1942
2026-03-02,SKU_04,2.27,0,0.0,0,0,1896
2026-03-03,SKU_04,2.23,0,0.0,0,0,2005
2026-03-04,SKU_04,2.13,0,0.0,0,0,2109
2026-03-05,SKU_04,1.86,0,0.0,0,0,2184
2026-03-06,SKU_04,1.82,0,0.0,0,0,2222
2026-03-07,SKU_04,1.7,0,0.0,1,0,2382
2026-03-08,SKU_04,1.75,0,0.0,1,1,2640
2026-03-09,SKU_04,2.01,0,0.0,0,0,1986
2026-03-10,SKU_04,2.17,0,0.0,0,0,2056
2026-03-11,SKU_04,1.97,0,0.0,0,0,2186
2026-03-12,SKU_04,1.82,0,0.0,0,0,2245
2026-03-13,SKU_04,1.9,0,0.0,0,0,2225
2026-03-14,SKU_04,1.79,0,0.0,1,0,2352
2026-03-15,SKU_04,1.69,0,0.0,1,0,2249
2026-03-16,SKU_04,1.37,0,0.0,0,0,2319
2026-03-17,SKU_04,1.31,0,0.0,0,0,2459
2026-03-18,SKU_04,1.28,0,0.0,0,0,2565
2026-03-19,SKU_04,1.22,0,0.0,0,0,2593
2026-03-20,SKU_04,1.29,0,0.0,0,0,2566
2026-03-21,SKU_04,1.36,0,0.0,1,0,2621
2026-03-22,SKU_04,1.42,0,0.0,1,0,2402
2026-03-23,SKU_04,1.57,0,0.0,0,0,2215
2026-03-24,SKU_04,1.47,0,0.0,0,0,2397
2026-03-25,SKU_04,1.39,0,0.0,0,0,2526
2026-03-26,SKU_04,1.49,0,0.0,0,0,2440
2026-03-27,SKU_04,1.55,0,0.0,0,0,3690
2026-03-28,SKU_04,1.57,0,0.0,1,0,2502
2026-03-29,SKU_04,1.49,0,0.0,1,0,2390
2026-03-30,SKU_04,1.43,0,0.0,0,0,2300
2026-03-31,SKU_04,1.3,0,0.0,0,0,2528
2026-04-01,SKU_04,1.36,0,0.0,0,0,2554
2026-04-02,SKU_04,1.5,0,0.0,0,0,2455
2026-04-03,SKU_04,1.56,0,0.0,0,0,468
2026-04-04,SKU_04,1.59,0,0.0,1,0,2513
2026-04-05,SKU_04,1.51,0,0.0,1,0,2393
2026-04-06,SKU_04,1.45,0,0.0,0,0,2291
2026-04-07,SKU_04,1.49,0,0.0,0,0,2410
2026-04-08,SKU_04,1.47,0,0.0,0,0,2504
2026-04-09,SKU_04,1.41,0,0.0,0,0,2538
2026-04-10,SKU_04,1.51,0,0.0,0,0,2495
2026-04-11,SKU_04,1.25,0,0.0,1,0,2740
2026-04-12,SKU_04,1.26,0,0.0,1,0,2567
2026-04-13,SKU_04,1.23,0,0.0,0,0,2449
2026-04-14,SKU_04,1.06,0,0.0,0,0,2733
2026-04-15,SKU_04,1.08,0,0.0,0,0,2787
2026-04-16,SKU_04,1.1,0,0.0,0,0,2757
2026-04-17,SKU_04,1.09,0,0.0,0,0,2789
2026-04-18,SKU_04,1.1,0,0.0,1,0,2883
2026-04-19,SKU_04,1.13,0,0.0,1,0,2674
2026-04-20,SKU_04,1.01,0,0.0,0,0,2635
2026-04-21,SKU_04,0.99,0,0.0,0,0,2797
2026-04-22,SKU_04,1.07,0,0.0,0,0,2825
2026-04-23,SKU_04,0.99,0,0.0,0,0,2903
2026-04-24,SKU_04,0.99,0,0.0,0,0,2901
2026-04-25,SKU_04,0.94,0,0.0,1,0,3048
2026-04-26,SKU_04,0.96,0,0.0,1,0,2814
2026-04-27,SKU_04,1.1,0,0.0,0,0,2563
2026-04-28,SKU_04,0.9,0,0.0,0,0,2896
2026-04-29,SKU_04,0.72,0,0.0,0,0,3249
2026-04-30,SKU_04,0.66,0,0.0,0,0,3319
2026-05-01,SKU_04,0.74,0,0.0,0,1,3852
2026-05-02,SKU_04,0.76,0,0.0,1,1,3920
2026-05-03,SKU_04,0.81,0,0.0,1,0,3006
2026-05-04,SKU_04,0.84,0,0.0,0,0,2817
2026-05-05,SKU_04,0.86,0,0.0,0,0,2941
2026-05-06,SKU_04,0.86,0,0.0,0,0,3057
2026-05-07,SKU_04,0.92,0,0.0,0,0,2954
2026-05-08,SKU_04,0.92,0,0.0,0,0,2987
2026-05-09,SKU_04,0.97,0,0.0,1,1,3622
2026-05-10,SKU_04,0.96,0,0.0,1,0,2833
2026-05-11,SKU_04,0.93,0,0.0,0,0,2723
2026-05-12,SKU_04,0.95,0,0.0,0,0,2838
2026-05-13,SKU_04,0.85,0,0.0,0,0,3060
2026-05-14,SKU_04,0.86,0,0.0,0,0,3030
2026-05-15,SKU_04,0.86,0,0.0,0,0,3062
2026-05-16,SKU_04,0.7,0,0.0,1,0,3381
2026-05-17,SKU_04,0.73,0,0.0,1,0,3103
2023-05-14,SKU_05,16.75,0,0.0,1,0,31
2023-05-15,SKU_05,16.26,0,0.0,0,0,36
2023-05-16,SKU_05,16.6,0,0.0,0,0,36
2023-05-17,SKU_05,16.17,0,0.0,0,0,32
2023-05-18,SKU_05,16.52,0,0.0,0,0,33
2023-05-19,SKU_05,17.98,0,0.0,0,0,79
2023-05-20,SKU_05,18.52,0,0.0,1,0,47
2023-05-21,SKU_05,18.72,0,0.0,1,0,49
2023-05-22,SKU_05,19.73,0,0.0,0,0,45
2023-05-23,SKU_05,19.41,0,0.0,0,0,36
2023-05-24,SKU_05,19.54,0,0.0,0,0,42
2023-05-25,SKU_05,19.49,0,0.0,0,0,48
2023-05-26,SKU_05,21.46,0,0.0,0,0,55
2023-05-27,SKU_05,21.42,0,0.0,1,0,59
2023-05-28,SKU_05,22.32,0,0.0,1,0,56
2023-05-29,SKU_05,21.55,0,0.0,0,0,49
2023-05-30,SKU_05,22.03,0,0.0,0,0,49
2023-05-31,SKU_05,23.06,0,0.0,0,0,53
2023-06-01,SKU_05,23.0,0,0.0,0,0,53
2023-06-02,SKU_05,21.37,0,0.0,0,0,59
2023-06-03,SKU_05,23.25,0,0.0,1,0,66
2023-06-04,SKU_05,23.22,0,0.0,1,0,62
2023-06-05,SKU_05,22.83,0,0.0,0,0,57
2023-06-06,SKU_05,22.28,0,0.0,0,0,61
2023-06-07,SKU_05,21.72,0,0.0,0,0,57
2023-06-08,SKU_05,23.46,0,0.0,0,0,63
2023-06-09,SKU_05,23.41,0,0.0,0,0,69
2023-06-10,SKU_05,22.42,0,0.0,1,0,77
2023-06-11,SKU_05,23.07,0,0.0,1,0,82
2023-06-12,SKU_05,23.06,0,0.0,0,0,73
2023-06-13,SKU_05,23.33,0,0.0,0,0,124
2023-06-14,SKU_05,23.56,0,0.0,0,0,60
2023-06-15,SKU_05,23.95,0,0.0,0,0,67
2023-06-16,SKU_05,23.62,0,0.0,0,0,75
2023-06-17,SKU_05,22.85,0,0.0,1,0,89
2023-06-18,SKU_05,22.9,0,0.0,1,0,82
2023-06-19,SKU_05,23.03,0,0.0,0,0,70
2023-06-20,SKU_05,25.61,0,0.0,0,0,73
2023-06-21,SKU_05,25.38,0,0.0,0,0,1
2023-06-22,SKU_05,25.44,1,0.175,0,0,151
2023-06-23,SKU_05,25.0,0,0.0,0,0,85
2023-06-24,SKU_05,23.0,0,0.0,1,0,95
2023-06-25,SKU_05,21.58,0,0.0,1,0,96
2023-06-26,SKU_05,20.1,0,0.0,0,0,85
2023-06-27,SKU_05,20.54,0,0.0,0,0,79
2023-06-28,SKU_05,20.53,0,0.0,0,0,89
2023-06-29,SKU_05,19.71,0,0.0,0,0,93
2023-06-30,SKU_05,17.52,0,0.0,0,0,105
2023-07-01,SKU_05,16.63,0,0.0,1,0,125
2023-07-02,SKU_05,16.28,0,0.0,1,0,123
2023-07-03,SKU_05,17.07,0,0.0,0,0,103
2023-07-04,SKU_05,17.06,0,0.0,0,0,101
2023-07-05,SKU_05,17.97,0,0.0,0,0,85
2023-07-06,SKU_05,17.87,0,0.0,0,0,102
2023-07-07,SKU_05,18.88,0,0.0,0,0,116
2023-07-08,SKU_05,18.5,0,0.0,1,0,128
2023-07-09,SKU_05,19.81,0,0.0,1,0,121
2023-07-10,SKU_05,18.83,0,0.0,0,0,112
2023-07-11,SKU_05,19.3,0,0.0,0,0,108
2023-07-12,SKU_05,18.44,0,0.0,0,0,97
2023-07-13,SKU_05,19.1,0,0.0,0,0,110
2023-07-14,SKU_05,19.11,1,0.208,0,0,252
2023-07-15,SKU_05,19.37,0,0.0,1,0,131
2023-07-16,SKU_05,20.28,0,0.0,1,0,125
2023-07-17,SKU_05,18.92,0,0.0,0,0,117
2023-07-18,SKU_05,18.48,0,0.0,0,0,109
2023-07-19,SKU_05,16.68,0,0.0,0,0,121
2023-07-20,SKU_05,16.03,0,0.0,0,0,124
2023-07-21,SKU_05,15.95,0,0.0,0,0,143
2023-07-22,SKU_05,15.47,0,0.0,1,0,347
2023-07-23,SKU_05,15.64,0,0.0,1,0,146
2023-07-24,SKU_05,15.83,0,0.0,0,0,135
2023-07-25,SKU_05,15.67,0,0.0,0,0,124
2023-07-26,SKU_05,14.62,0,0.0,0,0,136
2023-07-27,SKU_05,13.5,0,0.0,0,0,138
2023-07-28,SKU_05,13.58,0,0.0,0,0,156
2023-07-29,SKU_05,13.52,0,0.0,1,0,186
2023-07-30,SKU_05,14.18,0,0.0,1,0,169
2023-07-31,SKU_05,12.69,0,0.0,0,0,152
2023-08-01,SKU_05,12.91,0,0.0,0,0,140
2023-08-02,SKU_05,13.16,0,0.0,0,0,143
2023-08-03,SKU_05,12.44,0,0.0,0,0,157
2023-08-04,SKU_05,12.83,0,0.0,0,0,170
2023-08-05,SKU_05,11.88,0,0.0,1,0,193
2023-08-06,SKU_05,11.82,0,0.0,1,0,182
2023-08-07,SKU_05,12.36,0,0.0,0,0,157
2023-08-08,SKU_05,11.93,0,0.0,0,0,154
2023-08-09,SKU_05,12.41,0,0.0,0,0,146
2023-08-10,SKU_05,12.98,0,0.0,0,0,155
2023-08-11,SKU_05,13.76,0,0.0,0,0,171
2023-08-12,SKU_05,13.98,0,0.0,1,0,191
2023-08-13,SKU_05,15.05,0,0.0,1,0,183
2023-08-14,SKU_05,14.39,0,0.0,0,0,151
2023-08-15,SKU_05,14.32,0,0.0,0,0,147
2023-08-16,SKU_05,13.83,0,0.0,0,0,154
2023-08-17,SKU_05,13.65,0,0.0,0,0,157
2023-08-18,SKU_05,14.25,0,0.0,0,0,182
2023-08-19,SKU_05,14.43,0,0.0,1,0,201
2023-08-20,SKU_05,15.75,0,0.0,1,0,185
2023-08-21,SKU_05,16.65,0,0.0,0,0,154
2023-08-22,SKU_05,17.62,0,0.0,0,0,143
2023-08-23,SKU_05,17.59,0,0.0,0,0,150
2023-08-24,SKU_05,18.08,0,0.0,0,0,148
2023-08-25,SKU_05,18.79,0,0.0,0,0,165
2023-08-26,SKU_05,17.97,0,0.0,1,0,196
2023-08-27,SKU_05,17.71,0,0.0,1,0,187
2023-08-28,SKU_05,17.2,0,0.0,0,0,158
2023-08-29,SKU_05,16.86,0,0.0,0,0,156
2023-08-30,SKU_05,16.77,0,0.0,0,0,157
2023-08-31,SKU_05,16.55,0,0.0,0,0,166
2023-09-01,SKU_05,16.61,0,0.0,0,0,178
2023-09-02,SKU_05,16.46,0,0.0,1,0,207
2023-09-03,SKU_05,16.42,0,0.0,1,0,193
2023-09-04,SKU_05,16.86,0,0.0,0,0,165
2023-09-05,SKU_05,17.63,0,0.0,0,0,159
2023-09-06,SKU_05,17.99,0,0.0,0,0,162
2023-09-07,SKU_05,17.71,0,0.0,0,0,164
2023-09-08,SKU_05,18.86,0,0.0,0,0,179
2023-09-09,SKU_05,18.38,0,0.0,1,0,198
2023-09-10,SKU_05,19.06,0,0.0,1,0,186
2023-09-11,SKU_05,20.17,0,0.0,0,0,168
2023-09-12,SKU_05,19.33,0,0.0,0,0,154
2023-09-13,SKU_05,19.97,0,0.0,0,0,154
2023-09-14,SKU_05,22.28,0,0.0,0,0,160
2023-09-15,SKU_05,21.55,0,0.0,0,0,179
2023-09-16,SKU_05,23.0,0,0.0,1,0,194
2023-09-17,SKU_05,23.56,0,0.0,1,0,182
2023-09-18,SKU_05,23.26,0,0.0,0,0,160
2023-09-19,SKU_05,25.23,0,0.0,0,0,139
2023-09-20,SKU_05,26.07,0,0.0,0,0,149
2023-09-21,SKU_05,25.93,0,0.0,0,0,148
2023-09-22,SKU_05,25.36,0,0.0,0,0,173
2023-09-23,SKU_05,24.81,0,0.0,1,0,193
2023-09-24,SKU_05,25.11,0,0.0,1,0,177
2023-09-25,SKU_05,24.4,0,0.0,0,0,164
2023-09-26,SKU_05,23.33,0,0.0,0,0,142
2023-09-27,SKU_05,23.76,0,0.0,0,0,161
2023-09-28,SKU_05,22.3,0,0.0,0,0,164
2023-09-29,SKU_05,21.71,0,0.0,0,0,191
2023-09-30,SKU_05,21.93,0,0.0,1,0,205
2023-10-01,SKU_05,21.95,0,0.0,1,0,191
2023-10-02,SKU_05,22.76,0,0.0,0,0,165
2023-10-03,SKU_05,21.84,0,0.0,0,0,159
2023-10-04,SKU_05,22.35,0,0.0,0,0,159
2023-10-05,SKU_05,21.82,0,0.0,0,0,169
2023-10-06,SKU_05,21.02,0,0.0,0,0,191
2023-10-07,SKU_05,22.78,0,0.0,1,0,209
2023-10-08,SKU_05,22.54,0,0.0,1,0,192
2023-10-09,SKU_05,22.89,0,0.0,0,0,164
2023-10-10,SKU_05,22.35,0,0.0,0,0,160
2023-10-11,SKU_05,24.28,0,0.0,0,0,160
2023-10-12,SKU_05,23.11,0,0.0,0,0,162
2023-10-13,SKU_05,23.49,0,0.0,0,0,184
2023-10-14,SKU_05,23.0,0,0.0,1,0,208
2023-10-15,SKU_05,21.16,0,0.0,1,0,199
2023-10-16,SKU_05,21.69,0,0.0,0,0,162
2023-10-17,SKU_05,22.58,0,0.0,0,0,157
2023-10-18,SKU_05,22.66,0,0.0,0,0,167
2023-10-19,SKU_05,21.62,0,0.0,0,0,173
2023-10-20,SKU_05,22.84,0,0.0,0,0,196
2023-10-21,SKU_05,23.1,0,0.0,1,0,217
2023-10-22,SKU_05,22.66,0,0.0,1,0,203
2023-10-23,SKU_05,24.02,0,0.0,0,0,177
2023-10-24,SKU_05,22.57,0,0.0,0,0,168
2023-10-25,SKU_05,22.21,0,0.0,0,0,162
2023-10-26,SKU_05,21.92,0,0.0,0,0,177
2023-10-27,SKU_05,22.92,0,0.0,0,0,191
2023-10-28,SKU_05,24.0,0,0.0,1,0,211
2023-10-29,SKU_05,24.66,0,0.0,1,0,193
2023-10-30,SKU_05,25.26,0,0.0,0,0,165
2023-10-31,SKU_05,24.65,0,0.0,0,0,163
2023-11-01,SKU_05,24.32,0,0.0,0,0,171
2023-11-02,SKU_05,25.39,0,0.0,0,0,172
2023-11-03,SKU_05,24.76,0,0.0,0,0,196
2023-11-04,SKU_05,25.96,0,0.0,1,0,203
2023-11-05,SKU_05,25.06,0,0.0,1,0,200
2023-11-06,SKU_05,25.09,0,0.0,0,0,175
2023-11-07,SKU_05,23.5,0,0.0,0,0,169
2023-11-08,SKU_05,22.9,0,0.0,0,0,176
2023-11-09,SKU_05,20.55,0,0.0,0,0,192
2023-11-10,SKU_05,19.83,0,0.0,0,0,211
2023-11-11,SKU_05,19.87,0,0.0,1,0,232
2023-11-12,SKU_05,20.05,0,0.0,1,0,218
2023-11-13,SKU_05,19.94,0,0.0,0,0,195
2023-11-14,SKU_05,19.35,0,0.0,0,0,187
2023-11-15,SKU_05,21.01,0,0.0,0,0,185
2023-11-16,SKU_05,22.21,0,0.0,0,0,184
2023-11-17,SKU_05,20.39,0,0.0,0,0,213
2023-11-18,SKU_05,21.06,0,0.0,1,0,510
2023-11-19,SKU_05,19.68,0,0.0,1,0,226
2023-11-20,SKU_05,19.63,0,0.0,0,0,195
2023-11-21,SKU_05,19.05,0,0.0,0,0,187
2023-11-22,SKU_05,19.31,0,0.0,0,0,193
2023-11-23,SKU_05,19.18,0,0.0,0,0,198
2023-11-24,SKU_05,20.36,0,0.0,0,0,217
2023-11-25,SKU_05,20.16,0,0.0,1,0,245
2023-11-26,SKU_05,20.61,0,0.0,1,0,228
2023-11-27,SKU_05,19.87,0,0.0,0,0,203
2023-11-28,SKU_05,19.68,0,0.0,0,0,187
2023-11-29,SKU_05,19.45,0,0.0,0,0,185
2023-11-30,SKU_05,18.94,0,0.0,0,0,206
2023-12-01,SKU_05,21.05,0,0.0,0,0,219
2023-12-02,SKU_05,21.61,0,0.0,1,0,241
2023-12-03,SKU_05,21.04,0,0.0,1,0,232
2023-12-04,SKU_05,19.63,0,0.0,0,0,212
2023-12-05,SKU_05,19.58,0,0.0,0,0,192
2023-12-06,SKU_05,19.17,0,0.0,0,0,201
2023-12-07,SKU_05,19.32,0,0.0,0,0,202
2023-12-08,SKU_05,19.59,0,0.0,0,0,224
2023-12-09,SKU_05,20.8,0,0.0,1,0,255
2023-12-10,SKU_05,19.57,0,0.0,1,0,236
2023-12-11,SKU_05,19.93,0,0.0,0,0,210
2023-12-12,SKU_05,19.85,0,0.0,0,0,200
2023-12-13,SKU_05,21.81,0,0.0,0,0,190
2023-12-14,SKU_05,22.5,0,0.0,0,0,322
2023-12-15,SKU_05,24.77,0,0.0,0,0,218
2023-12-16,SKU_05,25.59,0,0.0,1,0,253
2023-12-17,SKU_05,23.93,0,0.0,1,0,231
2023-12-18,SKU_05,23.84,0,0.0,0,0,21
2023-12-19,SKU_05,26.06,0,0.0,0,0,182
2023-12-20,SKU_05,27.1,0,0.0,0,0,190
2023-12-21,SKU_05,28.23,0,0.0,0,0,186
2023-12-22,SKU_05,30.42,0,0.0,0,0,214
2023-12-23,SKU_05,30.71,0,0.0,1,0,236
2023-12-24,SKU_05,30.43,1,0.192,1,0,448
2023-12-25,SKU_05,30.97,0,0.0,0,0,181
2023-12-26,SKU_05,32.11,0,0.0,0,0,179
2023-12-27,SKU_05,32.04,0,0.0,0,0,19
2023-12-28,SKU_05,30.6,0,0.0,0,0,190
2023-12-29,SKU_05,31.17,0,0.0,0,0,213
2023-12-30,SKU_05,29.69,0,0.0,1,0,245
2023-12-31,SKU_05,30.76,0,0.0,1,0,229
2024-01-01,SKU_05,29.61,0,0.0,0,1,246
2024-01-02,SKU_05,29.47,0,0.0,0,0,191
2024-01-03,SKU_05,29.41,0,0.0,0,0,191
2024-01-04,SKU_05,28.64,0,0.0,0,0,204
2024-01-05,SKU_05,29.91,0,0.0,0,0,220
2024-01-06,SKU_05,32.1,0,0.0,1,0,247
2024-01-07,SKU_05,33.24,0,0.0,1,1,279
2024-01-08,SKU_05,34.87,0,0.0,0,0,195
2024-01-09,SKU_05,37.38,0,0.0,0,0,185
2024-01-10,SKU_05,36.71,0,0.0,0,0,185
2024-01-11,SKU_05,35.45,0,0.0,0,0,203
2024-01-12,SKU_05,36.88,0,0.0,0,0,219
2024-01-13,SKU_05,35.94,0,0.0,1,0,240
2024-01-14,SKU_05,33.92,0,0.0,1,0,238
2024-01-15,SKU_05,34.64,0,0.0,0,0,203
2024-01-16,SKU_05,34.61,0,0.0,0,0,196
2024-01-17,SKU_05,35.71,0,0.0,0,0,186
2024-01-18,SKU_05,35.59,0,0.0,0,0,199
2024-01-19,SKU_05,36.15,0,0.0,0,0,229
2024-01-20,SKU_05,35.13,0,0.0,1,0,254
2024-01-21,SKU_05,36.19,0,0.0,1,0,232
2024-01-22,SKU_05,35.25,0,0.0,0,0,210
2024-01-23,SKU_05,34.79,0,0.0,0,0,202
2024-01-24,SKU_05,34.12,0,0.0,0,0,201
2024-01-25,SKU_05,33.9,0,0.0,0,0,218
2024-01-26,SKU_05,35.06,0,0.0,0,0,235
2024-01-27,SKU_05,34.15,0,0.0,1,0,262
2024-01-28,SKU_05,34.61,0,0.0,1,0,256
2024-01-29,SKU_05,35.27,0,0.0,0,0,220
2024-01-30,SKU_05,33.7,0,0.0,0,0,209
2024-01-31,SKU_05,33.18,0,0.0,0,0,216
2024-02-01,SKU_05,32.92,0,0.0,0,0,226
2024-02-02,SKU_05,32.41,0,0.0,0,0,247
2024-02-03,SKU_05,31.81,0,0.0,1,0,290
2024-02-04,SKU_05,30.34,0,0.0,1,0,279
2024-02-05,SKU_05,32.11,0,0.0,0,0,244
2024-02-06,SKU_05,32.58,0,0.0,0,0,19
2024-02-07,SKU_05,31.8,0,0.0,0,0,228
2024-02-08,SKU_05,32.44,0,0.0,0,0,236
2024-02-09,SKU_05,33.91,0,0.0,0,0,267
2024-02-10,SKU_05,31.61,0,0.0,1,0,307
2024-02-11,SKU_05,31.38,0,0.0,1,0,286
2024-02-12,SKU_05,32.49,0,0.0,0,0,245
2024-02-13,SKU_05,31.63,0,0.0,0,0,244
2024-02-14,SKU_05,32.22,0,0.0,0,0,238
2024-02-15,SKU_05,33.62,0,0.0,0,0,242
2024-02-16,SKU_05,33.59,0,0.0,0,0,276
2024-02-17,SKU_05,34.68,0,0.0,1,0,310
2024-02-18,SKU_05,35.57,1,0.143,1,0,533
2024-02-19,SKU_05,37.76,0,0.0,0,0,245
2024-02-20,SKU_05,38.19,0,0.0,0,0,226
2024-02-21,SKU_05,36.43,0,0.0,0,0,234
2024-02-22,SKU_05,36.52,0,0.0,0,0,252
2024-02-23,SKU_05,38.19,0,0.0,0,1,323
2024-02-24,SKU_05,34.7,0,0.0,1,0,325
2024-02-25,SKU_05,32.15,0,0.0,1,0,308
2024-02-26,SKU_05,34.22,0,0.0,0,0,263
2024-02-27,SKU_05,35.25,0,0.0,0,0,252
2024-02-28,SKU_05,34.21,0,0.0,0,0,247
2024-02-29,SKU_05,34.32,0,0.0,0,0,269
2024-03-01,SKU_05,35.97,0,0.0,0,0,299
2024-03-02,SKU_05,36.39,0,0.0,1,0,335
2024-03-03,SKU_05,34.69,0,0.0,1,0,307
2024-03-04,SKU_05,34.94,0,0.0,0,0,279
2024-03-05,SKU_05,34.58,0,0.0,0,0,255
2024-03-06,SKU_05,33.14,0,0.0,0,0,269
2024-03-07,SKU_05,31.44,0,0.0,0,0,292
2024-03-08,SKU_05,33.45,0,0.0,0,1,379
2024-03-09,SKU_05,37.29,0,0.0,1,0,344
2024-03-10,SKU_05,38.23,0,0.0,1,0,322
2024-03-11,SKU_05,34.99,0,0.0,0,0,292
2024-03-12,SKU_05,33.17,0,0.0,0,0,275
2024-03-13,SKU_05,30.51,0,0.0,0,0,292
2024-03-14,SKU_05,30.61,0,0.0,0,0,305
2024-03-15,SKU_05,28.92,0,0.0,0,0,345
2024-03-16,SKU_05,28.21,0,0.0,1,0,391
2024-03-17,SKU_05,27.63,0,0.0,1,0,371
2024-03-18,SKU_05,29.99,0,0.0,0,0,316
2024-03-19,SKU_05,30.27,0,0.0,0,0,303
2024-03-20,SKU_05,30.06,0,0.0,0,0,308
2024-03-21,SKU_05,28.52,0,0.0,0,0,331
2024-03-22,SKU_05,27.65,0,0.0,0,0,367
2024-03-23,SKU_05,30.15,0,0.0,1,0,405
2024-03-24,SKU_05,31.26,0,0.0,1,0,372
2024-03-25,SKU_05,32.32,0,0.0,0,0,320
2024-03-26,SKU_05,33.08,0,0.0,0,0,313
2024-03-27,SKU_05,34.68,0,0.0,0,0,296
2024-03-28,SKU_05,37.91,0,0.0,0,0,308
2024-03-29,SKU_05,35.63,0,0.0,0,0,360
2024-03-30,SKU_05,38.58,0,0.0,1,0,386
2024-03-31,SKU_05,40.96,0,0.0,1,0,348
2024-04-01,SKU_05,43.17,0,0.0,0,0,598
2024-04-02,SKU_05,40.27,0,0.0,0,0,292
2024-04-03,SKU_05,38.04,0,0.0,0,0,301
2024-04-04,SKU_05,39.26,0,0.0,0,0,314
2024-04-05,SKU_05,39.6,0,0.0,0,0,356
2024-04-06,SKU_05,42.59,0,0.0,1,0,390
2024-04-07,SKU_05,42.05,0,0.0,1,0,363
2024-04-08,SKU_05,41.11,0,0.0,0,0,328
2024-04-09,SKU_05,46.2,0,0.0,0,0,293
2024-04-10,SKU_05,44.07,0,0.0,0,0,306
2024-04-11,SKU_05,45.64,0,0.0,0,0,319
2024-04-12,SKU_05,47.08,0,0.0,0,0,353
2024-04-13,SKU_05,47.56,0,0.0,1,0,388
2024-04-14,SKU_05,47.53,0,0.0,1,0,362
2024-04-15,SKU_05,46.35,0,0.0,0,0,329
2024-04-16,SKU_05,47.77,0,0.0,0,0,301
2024-04-17,SKU_05,46.53,0,0.0,0,0,303
2024-04-18,SKU_05,42.21,0,0.0,0,0,326
2024-04-19,SKU_05,44.54,0,0.0,0,0,373
2024-04-20,SKU_05,45.27,0,0.0,1,0,413
2024-04-21,SKU_05,47.42,0,0.0,1,0,378
2024-04-22,SKU_05,48.32,0,0.0,0,0,327
2024-04-23,SKU_05,49.19,0,0.0,0,0,308
2024-04-24,SKU_05,49.62,0,0.0,0,0,304
2024-04-25,SKU_05,49.04,0,0.0,0,0,335
2024-04-26,SKU_05,46.57,0,0.0,0,0,378
2024-04-27,SKU_05,41.37,1,0.097,1,0,775
2024-04-28,SKU_05,41.97,0,0.0,1,0,418
2024-04-29,SKU_05,40.75,0,0.0,0,0,351
2024-04-30,SKU_05,39.53,0,0.0,0,0,347
2024-05-01,SKU_05,39.75,0,0.0,0,1,412
2024-05-02,SKU_05,38.83,0,0.0,0,1,439
2024-05-03,SKU_05,37.34,0,0.0,0,0,421
2024-05-04,SKU_05,35.2,0,0.0,1,0,485
2024-05-05,SKU_05,35.13,0,0.0,1,0,456
2024-05-06,SKU_05,33.47,0,0.0,0,0,394
2024-05-07,SKU_05,35.71,0,0.0,0,0,370
2024-05-08,SKU_05,36.79,0,0.0,0,0,361
2024-05-09,SKU_05,37.24,0,0.0,0,1,464
2024-05-10,SKU_05,40.54,0,0.0,0,0,427
2024-05-11,SKU_05,38.14,0,0.0,1,0,489
2024-05-12,SKU_05,38.29,0,0.0,1,0,442
2024-05-13,SKU_05,40.34,0,0.0,0,0,391
2024-05-14,SKU_05,41.97,0,0.0,0,0,363
2024-05-15,SKU_05,42.36,0,0.0,0,0,358
2024-05-16,SKU_05,43.09,0,0.0,0,0,382
2024-05-17,SKU_05,41.35,0,0.0,0,0,435
2024-05-18,SKU_05,40.01,0,0.0,1,0,489
2024-05-19,SKU_05,38.48,0,0.0,1,0,464
2024-05-20,SKU_05,37.72,0,0.0,0,0,403
2024-05-21,SKU_05,37.66,0,0.0,0,0,386
2024-05-22,SKU_05,36.84,0,0.0,0,0,396
2024-05-23,SKU_05,40.15,0,0.0,0,0,405
2024-05-24,SKU_05,41.0,0,0.0,0,0,439
2024-05-25,SKU_05,40.76,0,0.0,1,0,497
2024-05-26,SKU_05,41.25,0,0.0,1,0,462
2024-05-27,SKU_05,42.99,0,0.0,0,0,402
2024-05-28,SKU_05,45.38,0,0.0,0,0,373
2024-05-29,SKU_05,39.79,0,0.0,0,0,389
2024-05-30,SKU_05,37.49,0,0.0,0,0,423
2024-05-31,SKU_05,37.68,0,0.0,0,0,472
2024-06-01,SKU_05,40.02,0,0.0,1,0,516
2024-06-02,SKU_05,40.77,0,0.0,1,0,473
2024-06-03,SKU_05,42.48,0,0.0,0,0,409
2024-06-04,SKU_05,44.21,0,0.0,0,0,391
2024-06-05,SKU_05,47.55,0,0.0,0,0,375
2024-06-06,SKU_05,50.04,0,0.0,0,0,382
2024-06-07,SKU_05,52.03,0,0.0,0,0,424
2024-06-08,SKU_05,52.09,0,0.0,1,0,480
2024-06-09,SKU_05,51.15,0,0.0,1,0,460
2024-06-10,SKU_05,49.65,0,0.0,0,0,403
2024-06-11,SKU_05,50.9,0,0.0,0,0,371
2024-06-12,SKU_05,52.23,0,0.0,0,0,369
2024-06-13,SKU_05,54.96,0,0.0,0,0,390
2024-06-14,SKU_05,53.13,0,0.0,0,0,433
2024-06-15,SKU_05,50.64,0,0.0,1,0,496
2024-06-16,SKU_05,50.13,0,0.0,1,0,465
2024-06-17,SKU_05,51.7,0,0.0,0,0,393
2024-06-18,SKU_05,54.77,0,0.0,0,0,368
2024-06-19,SKU_05,50.82,0,0.0,0,0,383
2024-06-20,SKU_05,53.09,0,0.0,0,0,396
2024-06-21,SKU_05,53.87,0,0.0,0,0,444
2024-06-22,SKU_05,55.58,0,0.0,1,0,483
2024-06-23,SKU_05,54.11,0,0.0,1,0,470
2024-06-24,SKU_05,56.46,0,0.0,0,0,393
2024-06-25,SKU_05,58.36,0,0.0,0,0,368
2024-06-26,SKU_05,65.88,0,0.0,0,0,343
2024-06-27,SKU_05,66.0,0,0.0,0,0,369
2024-06-28,SKU_05,63.02,0,0.0,0,0,424
2024-06-29,SKU_05,65.07,0,0.0,1,0,466
2024-06-30,SKU_05,70.02,0,0.0,1,0,425
2024-07-01,SKU_05,69.64,0,0.0,0,0,369
2024-07-02,SKU_05,70.12,0,0.0,0,0,352
2024-07-03,SKU_05,66.63,0,0.0,0,0,351
2024-07-04,SKU_05,64.98,0,0.0,0,0,371
2024-07-05,SKU_05,68.28,0,0.0,0,0,418
2024-07-06,SKU_05,67.01,0,0.0,1,0,469
2024-07-07,SKU_05,58.88,0,0.0,1,0,452
2024-07-08,SKU_05,58.73,0,0.0,0,0,389
2024-07-09,SKU_05,60.74,0,0.0,0,0,373
2024-07-10,SKU_05,60.38,0,0.0,0,0,804
2024-07-11,SKU_05,64.83,0,0.0,0,0,380
2024-07-12,SKU_05,64.31,0,0.0,0,0,430
2024-07-13,SKU_05,53.81,0,0.0,1,0,513
2024-07-14,SKU_05,56.42,0,0.0,1,0,463
2024-07-15,SKU_05,57.17,0,0.0,0,0,406
2024-07-16,SKU_05,52.46,0,0.0,0,0,393
2024-07-17,SKU_05,53.84,0,0.0,0,0,389
2024-07-18,SKU_05,53.62,0,0.0,0,0,419
2024-07-19,SKU_05,49.21,0,0.0,0,0,474
2024-07-20,SKU_05,50.26,0,0.0,1,0,525
2024-07-21,SKU_05,47.94,0,0.0,1,0,490
2024-07-22,SKU_05,46.2,0,0.0,0,0,440
2024-07-23,SKU_05,46.14,0,0.0,0,0,416
2024-07-24,SKU_05,45.54,0,0.0,0,0,421
2024-07-25,SKU_05,44.23,0,0.0,0,0,446
2024-07-26,SKU_05,46.11,0,0.0,0,0,489
2024-07-27,SKU_05,46.01,0,0.0,1,0,537
2024-07-28,SKU_05,44.68,0,0.0,1,0,514
2024-07-29,SKU_05,43.49,0,0.0,0,0,454
2024-07-30,SKU_05,40.87,0,0.0,0,0,434
2024-07-31,SKU_05,40.06,0,0.0,0,0,444
2024-08-01,SKU_05,39.17,0,0.0,0,0,462
2024-08-02,SKU_05,39.52,0,0.0,0,0,508
2024-08-03,SKU_05,42.28,0,0.0,1,0,561
2024-08-04,SKU_05,40.05,0,0.0,1,0,532
2024-08-05,SKU_05,42.55,0,0.0,0,0,454
2024-08-06,SKU_05,43.11,0,0.0,0,0,423
2024-08-07,SKU_05,44.73,0,0.0,0,0,414
2024-08-08,SKU_05,45.64,0,0.0,0,0,445
2024-08-09,SKU_05,46.49,0,0.0,0,0,494
2024-08-10,SKU_05,44.98,0,0.0,1,0,551
2024-08-11,SKU_05,46.43,0,0.0,1,0,502
2024-08-12,SKU_05,43.43,1,0.138,0,0,831
2024-08-13,SKU_05,42.6,0,0.0,0,0,421
2024-08-14,SKU_05,42.55,0,0.0,0,0,421
2024-08-15,SKU_05,39.75,0,0.0,0,0,462
2024-08-16,SKU_05,40.1,0,0.0,0,0,512
2024-08-17,SKU_05,35.95,0,0.0,1,0,583
2024-08-18,SKU_05,35.45,0,0.0,1,0,550
2024-08-19,SKU_05,34.68,0,0.0,0,0,481
2024-08-20,SKU_05,33.95,0,0.0,0,0,467
2024-08-21,SKU_05,34.87,0,0.0,0,0,456
2024-08-22,SKU_05,34.2,0,0.0,0,0,476
2024-08-23,SKU_05,33.25,0,0.0,0,0,557
2024-08-24,SKU_05,32.49,0,0.0,1,0,616
2024-08-25,SKU_05,35.9,1,0.325,1,0,1272
2024-08-26,SKU_05,33.99,0,0.0,0,0,486
2024-08-27,SKU_05,34.57,1,0.161,0,0,881
2024-08-28,SKU_05,34.38,0,0.0,0,0,452
2024-08-29,SKU_05,36.47,0,0.0,0,0,465
2024-08-30,SKU_05,36.2,0,0.0,0,0,526
2024-08-31,SKU_05,36.44,0,0.0,1,0,578
2024-09-01,SKU_05,36.05,0,0.0,1,0,550
2024-09-02,SKU_05,34.87,0,0.0,0,0,482
2024-09-03,SKU_05,30.41,0,0.0,0,0,478
2024-09-04,SKU_05,33.49,0,0.0,0,0,457
2024-09-05,SKU_05,33.42,0,0.0,0,0,478
2024-09-06,SKU_05,36.07,0,0.0,0,0,530
2024-09-07,SKU_05,34.66,0,0.0,1,0,589
2024-09-08,SKU_05,37.14,0,0.0,1,0,533
2024-09-09,SKU_05,35.55,0,0.0,0,0,469
2024-09-10,SKU_05,34.7,0,0.0,0,0,454
2024-09-11,SKU_05,37.24,0,0.0,0,0,429
2024-09-12,SKU_05,37.85,0,0.0,0,0,456
2024-09-13,SKU_05,35.1,0,0.0,0,0,528
2024-09-14,SKU_05,34.58,0,0.0,1,0,588
2024-09-15,SKU_05,35.91,0,0.0,1,0,532
2024-09-16,SKU_05,35.7,0,0.0,0,0,465
2024-09-17,SKU_05,34.99,0,0.0,0,0,442
2024-09-18,SKU_05,35.23,0,0.0,0,0,432
2024-09-19,SKU_05,34.51,0,0.0,0,0,469
2024-09-20,SKU_05,36.2,0,0.0,0,0,509
2024-09-21,SKU_05,36.73,0,0.0,1,0,915
2024-09-22,SKU_05,38.13,0,0.0,1,0,514
2024-09-23,SKU_05,37.17,0,0.0,0,0,455
2024-09-24,SKU_05,37.86,0,0.0,0,0,427
2024-09-25,SKU_05,39.12,0,0.0,0,0,424
2024-09-26,SKU_05,39.85,0,0.0,0,0,435
2024-09-27,SKU_05,39.46,0,0.0,0,0,501
2024-09-28,SKU_05,39.27,0,0.0,1,0,547
2024-09-29,SKU_05,39.32,0,0.0,1,0,508
2024-09-30,SKU_05,40.81,0,0.0,0,0,430
2024-10-01,SKU_05,41.04,0,0.0,0,0,411
2024-10-02,SKU_05,39.69,0,0.0,0,0,411
2024-10-03,SKU_05,40.67,0,0.0,0,0,427
2024-10-04,SKU_05,40.42,0,0.0,0,0,486
2024-10-05,SKU_05,39.0,0,0.0,1,0,538
2024-10-06,SKU_05,39.57,0,0.0,1,0,507
2024-10-07,SKU_05,40.88,0,0.0,0,0,428
2024-10-08,SKU_05,41.27,0,0.0,0,0,410
2024-10-09,SKU_05,42.93,0,0.0,0,0,401
2024-10-10,SKU_05,43.01,0,0.0,0,0,409
2024-10-11,SKU_05,46.05,0,0.0,0,0,457
2024-10-12,SKU_05,45.62,0,0.0,1,0,509
2024-10-13,SKU_05,45.79,0,0.0,1,0,474
2024-10-14,SKU_05,45.31,0,0.0,0,0,412
2024-10-15,SKU_05,49.52,0,0.0,0,0,372
2024-10-16,SKU_05,47.53,0,0.0,0,0,379
2024-10-17,SKU_05,50.55,0,0.0,0,0,397
2024-10-18,SKU_05,50.32,0,0.0,0,0,438
2024-10-19,SKU_05,51.28,0,0.0,1,0,477
2024-10-20,SKU_05,51.11,0,0.0,1,0,770
2024-10-21,SKU_05,50.95,0,0.0,0,0,393
2024-10-22,SKU_05,51.2,0,0.0,0,0,370
2024-10-23,SKU_05,53.18,0,0.0,0,0,356
2024-10-24,SKU_05,53.87,0,0.0,0,0,378
2024-10-25,SKU_05,55.26,0,0.0,0,0,416
2024-10-26,SKU_05,56.56,0,0.0,1,0,468
2024-10-27,SKU_05,56.13,0,0.0,1,0,437
2024-10-28,SKU_05,58.28,0,0.0,0,0,379
2024-10-29,SKU_05,57.95,0,0.0,0,0,346
2024-10-30,SKU_05,58.3,0,0.0,0,0,344
2024-10-31,SKU_05,57.85,0,0.0,0,0,368
2024-11-01,SKU_05,57.1,0,0.0,0,0,411
2024-11-02,SKU_05,57.68,0,0.0,1,0,463
2024-11-03,SKU_05,59.08,0,0.0,1,0,422
2024-11-04,SKU_05,61.0,0,0.0,0,0,362
2024-11-05,SKU_05,56.22,0,0.0,0,0,355
2024-11-06,SKU_05,59.97,0,0.0,0,0,343
2024-11-07,SKU_05,62.15,0,0.0,0,0,350
2024-11-08,SKU_05,59.38,0,0.0,0,0,406
2024-11-09,SKU_05,59.53,0,0.0,1,0,451
2024-11-10,SKU_05,58.37,0,0.0,1,0,421
2024-11-11,SKU_05,59.72,0,0.0,0,0,369
2024-11-12,SKU_05,60.33,0,0.0,0,0,340
2024-11-13,SKU_05,63.98,0,0.0,0,0,341
2024-11-14,SKU_05,63.42,0,0.0,0,0,354
2024-11-15,SKU_05,64.95,0,0.0,0,0,402
2024-11-16,SKU_05,68.4,0,0.0,1,0,425
2024-11-17,SKU_05,65.63,0,0.0,1,0,398
2024-11-18,SKU_05,65.23,0,0.0,0,0,345
2024-11-19,SKU_05,68.43,0,0.0,0,0,325
2024-11-20,SKU_05,71.56,0,0.0,0,0,322
2024-11-21,SKU_05,67.39,0,0.0,0,0,345
2024-11-22,SKU_05,67.98,0,0.0,0,0,386
2024-11-23,SKU_05,65.82,0,0.0,1,0,434
2024-11-24,SKU_05,65.19,0,0.0,1,0,405
2024-11-25,SKU_05,71.55,0,0.0,0,0,340
2024-11-26,SKU_05,79.32,0,0.0,0,0,317
2024-11-27,SKU_05,77.21,0,0.0,0,0,316
2024-11-28,SKU_05,82.27,0,0.0,0,0,319
2024-11-29,SKU_05,91.86,0,0.0,0,0,346
2024-11-30,SKU_05,90.64,0,0.0,1,0,392
2024-12-01,SKU_05,90.36,0,0.0,1,0,360
2024-12-02,SKU_05,91.44,0,0.0,0,0,309
2024-12-03,SKU_05,86.89,0,0.0,0,0,301
2024-12-04,SKU_05,89.56,0,0.0,0,0,292
2024-12-05,SKU_05,87.63,0,0.0,0,0,324
2024-12-06,SKU_05,89.6,0,0.0,0,0,348
2024-12-07,SKU_05,91.19,0,0.0,1,0,380
2024-12-08,SKU_05,90.25,0,0.0,1,0,370
2024-12-09,SKU_05,88.41,0,0.0,0,0,314
2024-12-10,SKU_05,90.96,0,0.0,0,0,301
2024-12-11,SKU_05,83.85,0,0.0,0,0,302
2024-12-12,SKU_05,91.31,0,0.0,0,0,318
2024-12-13,SKU_05,94.65,0,0.0,0,0,349
2024-12-14,SKU_05,95.05,0,0.0,1,0,391
2024-12-15,SKU_05,92.79,0,0.0,1,0,359
2024-12-16,SKU_05,98.35,0,0.0,0,0,314
2024-12-17,SKU_05,103.3,0,0.0,0,0,284
2024-12-18,SKU_05,92.47,0,0.0,0,0,307
2024-12-19,SKU_05,83.75,0,0.0,0,0,322
2024-12-20,SKU_05,86.04,0,0.0,0,0,363
2024-12-21,SKU_05,86.37,0,0.0,1,0,394
2024-12-22,SKU_05,85.77,0,0.0,1,0,370
2024-12-23,SKU_05,89.99,0,0.0,0,0,316
2024-12-24,SKU_05,84.38,0,0.0,0,0,311
2024-12-25,SKU_05,87.28,0,0.0,0,0,307
2024-12-26,SKU_05,86.77,0,0.0,0,0,329
2024-12-27,SKU_05,84.95,0,0.0,0,0,376
2024-12-28,SKU_05,75.32,0,0.0,1,0,421
2024-12-29,SKU_05,74.5,0,0.0,1,0,402
2024-12-30,SKU_05,74.33,0,0.0,0,0,353
2024-12-31,SKU_05,77.88,0,0.0,0,0,326
2025-01-01,SKU_05,80.29,0,0.0,0,1,379
2025-01-02,SKU_05,79.59,0,0.0,0,0,341
2025-01-03,SKU_05,80.73,0,0.0,0,0,380
2025-01-04,SKU_05,82.36,0,0.0,1,0,428
2025-01-05,SKU_05,81.61,0,0.0,1,0,394
2025-01-06,SKU_05,82.35,0,0.0,0,0,342
2025-01-07,SKU_05,78.06,0,0.0,0,1,403
2025-01-08,SKU_05,70.19,0,0.0,0,0,344
2025-01-09,SKU_05,71.57,0,0.0,0,0,364
2025-01-10,SKU_05,65.26,0,0.0,0,0,417
2025-01-11,SKU_05,69.57,0,0.0,1,0,457
2025-01-12,SKU_05,77.28,0,0.0,1,0,417
2025-01-13,SKU_05,79.53,0,0.0,0,0,358
2025-01-14,SKU_05,84.78,0,0.0,0,0,331
2025-01-15,SKU_05,81.34,0,0.0,0,0,331
2025-01-16,SKU_05,76.5,0,0.0,0,0,362
2025-01-17,SKU_05,75.93,0,0.0,0,0,398
2025-01-18,SKU_05,71.97,0,0.0,1,0,456
2025-01-19,SKU_05,70.39,0,0.0,1,0,437
2025-01-20,SKU_05,70.02,0,0.0,0,0,380
2025-01-21,SKU_05,72.6,0,0.0,0,0,350
2025-01-22,SKU_05,72.54,0,0.0,0,0,357
2025-01-23,SKU_05,73.61,1,0.139,0,0,697
2025-01-24,SKU_05,73.68,0,0.0,0,0,418
2025-01-25,SKU_05,73.7,0,0.0,1,0,465
2025-01-26,SKU_05,75.4,0,0.0,1,0,435
2025-01-27,SKU_05,75.3,0,0.0,0,0,377
2025-01-28,SKU_05,78.61,0,0.0,0,0,351
2025-01-29,SKU_05,80.83,0,0.0,0,0,348
2025-01-30,SKU_05,79.18,0,0.0,0,0,378
2025-01-31,SKU_05,75.9,0,0.0,0,0,430
2025-02-01,SKU_05,77.02,0,0.0,1,0,485
2025-02-02,SKU_05,80.81,0,0.0,1,0,437
2025-02-03,SKU_05,83.82,0,0.0,0,0,379
2025-02-04,SKU_05,84.7,0,0.0,0,0,355
2025-02-05,SKU_05,79.75,0,0.0,0,0,365
2025-02-06,SKU_05,78.91,0,0.0,0,0,385
2025-02-07,SKU_05,74.6,0,0.0,0,0,439
2025-02-08,SKU_05,72.82,0,0.0,1,0,501
2025-02-09,SKU_05,74.68,0,0.0,1,0,465
2025-02-10,SKU_05,74.94,0,0.0,0,0,406
2025-02-11,SKU_05,76.04,0,0.0,0,0,379
2025-02-12,SKU_05,72.02,0,0.0,0,0,395
2025-02-13,SKU_05,76.76,0,0.0,0,0,394
2025-02-14,SKU_05,75.58,0,0.0,0,0,459
2025-02-15,SKU_05,75.2,0,0.0,1,0,511
2025-02-16,SKU_05,78.35,0,0.0,1,0,466
2025-02-17,SKU_05,83.61,0,0.0,0,0,406
2025-02-18,SKU_05,76.7,0,0.0,0,0,397
2025-02-19,SKU_05,74.99,0,0.0,0,0,404
2025-02-20,SKU_05,74.13,0,0.0,0,0,427
2025-02-21,SKU_05,67.49,0,0.0,0,0,486
2025-02-22,SKU_05,63.37,0,0.0,1,0,563
2025-02-23,SKU_05,66.22,0,0.0,1,1,624
2025-02-24,SKU_05,66.01,0,0.0,0,0,452
2025-02-25,SKU_05,65.18,0,0.0,0,0,429
2025-02-26,SKU_05,63.38,0,0.0,0,0,428
2025-02-27,SKU_05,66.9,0,0.0,0,0,452
2025-02-28,SKU_05,62.22,0,0.0,0,0,521
2025-03-01,SKU_05,69.77,0,0.0,1,0,557
2025-03-02,SKU_05,66.26,0,0.0,1,0,534
2025-03-03,SKU_05,64.14,0,0.0,0,0,473
2025-03-04,SKU_05,61.39,0,0.0,0,0,450
2025-03-05,SKU_05,58.96,0,0.0,0,0,465
2025-03-06,SKU_05,57.68,0,0.0,0,0,491
2025-03-07,SKU_05,57.32,0,0.0,0,0,556
2025-03-08,SKU_05,58.28,0,0.0,1,1,745
2025-03-09,SKU_05,59.06,0,0.0,1,0,574
2025-03-10,SKU_05,62.35,0,0.0,0,0,482
2025-03-11,SKU_05,63.23,0,0.0,0,0,467
2025-03-12,SKU_05,62.17,0,0.0,0,0,470
2025-03-13,SKU_05,60.5,0,0.0,0,0,500
2025-03-14,SKU_05,61.03,0,0.0,0,0,560
2025-03-15,SKU_05,59.33,0,0.0,1,0,636
2025-03-16,SKU_05,56.09,0,0.0,1,0,606
2025-03-17,SKU_05,59.6,0,0.0,0,0,515
2025-03-18,SKU_05,60.12,0,0.0,0,0,491
2025-03-19,SKU_05,63.09,0,0.0,0,0,487
2025-03-20,SKU_05,59.87,0,0.0,0,0,528
2025-03-21,SKU_05,58.21,0,0.0,0,0,593
2025-03-22,SKU_05,58.28,0,0.0,1,0,660
2025-03-23,SKU_05,55.18,0,0.0,1,0,625
2025-03-24,SKU_05,54.1,0,0.0,0,0,548
2025-03-25,SKU_05,57.13,0,0.0,0,0,514
2025-03-26,SKU_05,54.99,0,0.0,0,0,525
2025-03-27,SKU_05,58.57,0,0.0,0,0,532
2025-03-28,SKU_05,54.64,0,0.0,0,0,623
2025-03-29,SKU_05,51.62,0,0.0,1,0,717
2025-03-30,SKU_05,54.18,0,0.0,1,0,652
2025-03-31,SKU_05,50.39,0,0.0,0,0,587
2025-04-01,SKU_05,50.23,0,0.0,0,0,559
2025-04-02,SKU_05,50.69,0,0.0,0,0,555
2025-04-03,SKU_05,52.64,0,0.0,0,0,587
2025-04-04,SKU_05,50.99,0,0.0,0,0,663
2025-04-05,SKU_05,52.03,0,0.0,1,0,742
2025-04-06,SKU_05,51.91,0,0.0,1,0,687
2025-04-07,SKU_05,52.4,0,0.0,0,0,597
2025-04-08,SKU_05,56.79,0,0.0,0,0,552
2025-04-09,SKU_05,59.0,0,0.0,0,0,548
2025-04-10,SKU_05,58.92,0,0.0,0,0,579
2025-04-11,SKU_05,59.84,0,0.0,0,0,648
2025-04-12,SKU_05,61.78,0,0.0,1,0,706
2025-04-13,SKU_05,62.01,0,0.0,1,0,663
2025-04-14,SKU_05,62.1,0,0.0,0,0,573
2025-04-15,SKU_05,58.74,0,0.0,0,0,563
2025-04-16,SKU_05,54.53,0,0.0,0,0,579
2025-04-17,SKU_05,54.4,0,0.0,0,0,611
2025-04-18,SKU_05,54.13,0,0.0,0,0,686
2025-04-19,SKU_05,53.09,0,0.0,1,0,771
2025-04-20,SKU_05,48.42,0,0.0,1,0,748
2025-04-21,SKU_05,50.22,0,0.0,0,0,643
2025-04-22,SKU_05,51.39,0,0.0,0,0,604
2025-04-23,SKU_05,56.67,0,0.0,0,0,588
2025-04-24,SKU_05,55.9,1,0.073,0,0,1056
2025-04-25,SKU_05,49.06,0,0.0,0,0,735
2025-04-26,SKU_05,49.18,0,0.0,1,0,819
2025-04-27,SKU_05,51.28,0,0.0,1,0,756
2025-04-28,SKU_05,52.41,0,0.0,0,0,646
2025-04-29,SKU_05,47.3,0,0.0,0,0,631
2025-04-30,SKU_05,49.19,0,0.0,0,0,633
2025-05-01,SKU_05,48.1,0,0.0,0,1,808
2025-05-02,SKU_05,50.17,0,0.0,0,1,890
2025-05-03,SKU_05,56.95,0,0.0,1,0,796
2025-05-04,SKU_05,55.89,0,0.0,1,0,753
2025-05-05,SKU_05,54.97,0,0.0,0,0,660
2025-05-06,SKU_05,58.22,0,0.0,0,0,615
2025-05-07,SKU_05,55.23,0,0.0,0,0,620
2025-05-08,SKU_05,56.84,0,0.0,0,0,651
2025-05-09,SKU_05,60.5,0,0.0,0,1,1796
2025-05-10,SKU_05,56.92,0,0.0,1,0,819
2025-05-11,SKU_05,61.76,0,0.0,1,0,737
2025-05-12,SKU_05,56.92,0,0.0,0,0,658
2025-05-13,SKU_05,62.07,0,0.0,0,0,612
2025-05-14,SKU_05,64.1,0,0.0,0,0,603
2025-05-15,SKU_05,62.02,0,0.0,0,0,640
2025-05-16,SKU_05,58.21,0,0.0,0,0,742
2025-05-17,SKU_05,56.99,0,0.0,1,0,1172
2025-05-18,SKU_05,55.95,0,0.0,1,0,786
2025-05-19,SKU_05,53.05,0,0.0,0,0,695
2025-05-20,SKU_05,53.31,0,0.0,0,0,656
2025-05-21,SKU_05,49.89,0,0.0,0,0,669
2025-05-22,SKU_05,48.96,0,0.0,0,0,702
2025-05-23,SKU_05,50.07,0,0.0,0,0,801
2025-05-24,SKU_05,46.89,0,0.0,1,0,906
2025-05-25,SKU_05,45.92,0,0.0,1,0,851
2025-05-26,SKU_05,42.27,0,0.0,0,0,768
2025-05-27,SKU_05,42.66,0,0.0,0,0,723
2025-05-28,SKU_05,40.44,0,0.0,0,0,732
2025-05-29,SKU_05,38.8,0,0.0,0,0,778
2025-05-30,SKU_05,39.96,0,0.0,0,0,871
2025-05-31,SKU_05,39.83,0,0.0,1,0,971
2025-06-01,SKU_05,41.18,0,0.0,1,0,895
2025-06-02,SKU_05,39.88,0,0.0,0,0,795
2025-06-03,SKU_05,42.16,0,0.0,0,0,739
2025-06-04,SKU_05,42.39,0,0.0,0,0,732
2025-06-05,SKU_05,44.59,0,0.0,0,0,758
2025-06-06,SKU_05,43.07,0,0.0,0,0,866
2025-06-07,SKU_05,41.81,0,0.0,1,0,980
2025-06-08,SKU_05,41.68,0,0.0,1,0,903
2025-06-09,SKU_05,40.11,0,0.0,0,0,800
2025-06-10,SKU_05,40.55,0,0.0,0,0,763
2025-06-11,SKU_05,44.12,0,0.0,0,0,732
2025-06-12,SKU_05,40.57,0,0.0,0,0,795
2025-06-13,SKU_05,40.17,0,0.0,0,0,891
2025-06-14,SKU_05,39.89,0,0.0,1,0,1000
2025-06-15,SKU_05,41.82,0,0.0,1,0,919
2025-06-16,SKU_05,42.34,0,0.0,0,0,800
2025-06-17,SKU_05,44.1,0,0.0,0,0,736
2025-06-18,SKU_05,43.56,1,0.231,0,0,1551
2025-06-19,SKU_05,45.74,0,0.0,0,0,777
2025-06-20,SKU_05,43.54,1,0.272,0,0,1937
2025-06-21,SKU_05,42.26,0,0.0,1,0,988
2025-06-22,SKU_05,41.55,0,0.0,1,0,923
2025-06-23,SKU_05,39.47,0,0.0,0,0,818
2025-06-24,SKU_05,37.79,0,0.0,0,0,793
2025-06-25,SKU_05,38.42,0,0.0,0,0,785
2025-06-26,SKU_05,38.33,0,0.0,0,0,823
2025-06-27,SKU_05,37.55,0,0.0,0,0,928
2025-06-28,SKU_05,34.79,0,0.0,1,0,1074
2025-06-29,SKU_05,36.75,0,0.0,1,0,978
2025-06-30,SKU_05,39.16,0,0.0,0,0,832
2025-07-01,SKU_05,38.97,0,0.0,0,0,1522
2025-07-02,SKU_05,40.66,0,0.0,0,0,769
2025-07-03,SKU_05,43.85,0,0.0,0,0,794
2025-07-04,SKU_05,45.5,0,0.0,0,0,873
2025-07-05,SKU_05,45.23,0,0.0,1,0,968
2025-07-06,SKU_05,43.86,0,0.0,1,0,922
2025-07-07,SKU_05,42.78,0,0.0,0,0,816
2025-07-08,SKU_05,41.83,0,0.0,0,0,775
2025-07-09,SKU_05,40.52,0,0.0,0,0,776
2025-07-10,SKU_05,39.29,0,0.0,0,0,825
2025-07-11,SKU_05,44.5,0,0.0,0,0,895
2025-07-12,SKU_05,42.22,0,0.0,1,0,1002
2025-07-13,SKU_05,42.17,0,0.0,1,0,939
2025-07-14,SKU_05,43.99,0,0.0,0,0,806
2025-07-15,SKU_05,46.64,0,0.0,0,0,733
2025-07-16,SKU_05,50.58,0,0.0,0,0,714
2025-07-17,SKU_05,48.91,0,0.0,0,0,764
2025-07-18,SKU_05,51.55,0,0.0,0,0,842
2025-07-19,SKU_05,50.74,0,0.0,1,0,945
2025-07-20,SKU_05,56.6,0,0.0,1,0,846
2025-07-21,SKU_05,52.39,0,0.0,0,0,751
2025-07-22,SKU_05,52.46,0,0.0,0,0,713
2025-07-23,SKU_05,49.97,0,0.0,0,0,711
2025-07-24,SKU_05,49.62,0,0.0,0,0,762
2025-07-25,SKU_05,51.18,0,0.0,0,0,850
2025-07-26,SKU_05,50.14,0,0.0,1,0,948
2025-07-27,SKU_05,51.39,0,0.0,1,0,869
2025-07-28,SKU_05,50.87,0,0.0,0,0,754
2025-07-29,SKU_05,50.48,0,0.0,0,0,719
2025-07-30,SKU_05,49.75,0,0.0,0,0,717
2025-07-31,SKU_05,46.85,0,0.0,0,0,772
2025-08-01,SKU_05,47.24,0,0.0,0,0,866
2025-08-02,SKU_05,48.3,0,0.0,1,0,947
2025-08-03,SKU_05,48.48,0,0.0,1,0,889
2025-08-04,SKU_05,47.46,0,0.0,0,0,774
2025-08-05,SKU_05,48.21,0,0.0,0,0,731
2025-08-06,SKU_05,49.32,0,0.0,0,0,723
2025-08-07,SKU_05,48.08,0,0.0,0,0,755
2025-08-08,SKU_05,50.49,0,0.0,0,0,843
2025-08-09,SKU_05,49.67,0,0.0,1,0,943
2025-08-10,SKU_05,46.2,0,0.0,1,0,900
2025-08-11,SKU_05,44.46,0,0.0,0,0,784
2025-08-12,SKU_05,45.3,0,0.0,0,0,740
2025-08-13,SKU_05,47.28,0,0.0,0,0,724
2025-08-14,SKU_05,46.82,0,0.0,0,0,759
2025-08-15,SKU_05,48.69,0,0.0,0,0,841
2025-08-16,SKU_05,49.52,0,0.0,1,0,933
2025-08-17,SKU_05,48.96,0,0.0,1,0,871
2025-08-18,SKU_05,45.6,0,0.0,0,0,770
2025-08-19,SKU_05,44.04,0,0.0,0,0,734
2025-08-20,SKU_05,43.66,0,0.0,0,0,744
2025-08-21,SKU_05,40.06,0,0.0,0,0,800
2025-08-22,SKU_05,41.21,0,0.0,0,0,891
2025-08-23,SKU_05,41.61,0,0.0,1,0,985
2025-08-24,SKU_05,40.12,0,0.0,1,0,913
2025-08-25,SKU_05,42.51,0,0.0,0,0,785
2025-08-26,SKU_05,41.07,0,0.0,0,0,752
2025-08-27,SKU_05,40.39,0,0.0,0,0,754
2025-08-28,SKU_05,41.25,0,0.0,0,0,778
2025-08-29,SKU_05,40.09,0,0.0,0,0,886
2025-08-30,SKU_05,37.44,0,0.0,1,0,1002
2025-08-31,SKU_05,35.29,0,0.0,1,0,948
2025-09-01,SKU_05,38.16,0,0.0,0,0,809
2025-09-02,SKU_05,39.17,0,0.0,0,0,755
2025-09-03,SKU_05,41.0,0,0.0,0,0,746
2025-09-04,SKU_05,39.98,0,0.0,0,0,787
2025-09-05,SKU_05,37.47,0,0.0,0,0,896
2025-09-06,SKU_05,40.27,0,0.0,1,0,961
2025-09-07,SKU_05,37.09,0,0.0,1,0,919
2025-09-08,SKU_05,39.29,0,0.0,0,0,1645
2025-09-09,SKU_05,38.59,0,0.0,0,0,747
2025-09-10,SKU_05,40.09,0,0.0,0,0,736
2025-09-11,SKU_05,40.23,0,0.0,0,0,764
2025-09-12,SKU_05,38.18,0,0.0,0,0,872
2025-09-13,SKU_05,38.18,0,0.0,1,0,972
2025-09-14,SKU_05,37.1,0,0.0,1,0,913
2025-09-15,SKU_05,37.76,0,0.0,0,0,790
2025-09-16,SKU_05,39.0,0,0.0,0,0,734
2025-09-17,SKU_05,39.09,0,0.0,0,0,731
2025-09-18,SKU_05,42.16,0,0.0,0,0,747
2025-09-19,SKU_05,42.37,0,0.0,0,0,833
2025-09-20,SKU_05,43.99,0,0.0,1,0,911
2025-09-21,SKU_05,45.02,0,0.0,1,0,835
2025-09-22,SKU_05,42.53,0,0.0,0,0,739
2025-09-23,SKU_05,43.94,0,0.0,0,0,696
2025-09-24,SKU_05,44.98,0,0.0,0,0,684
2025-09-25,SKU_05,44.92,0,0.0,0,0,720
2025-09-26,SKU_05,43.17,0,0.0,0,0,815
2025-09-27,SKU_05,43.43,0,0.0,1,0,902
2025-09-28,SKU_05,48.67,0,0.0,1,0,804
2025-09-29,SKU_05,45.98,0,0.0,0,0,714
2025-09-30,SKU_05,45.08,0,0.0,0,0,673
2025-10-01,SKU_05,44.22,0,0.0,0,0,681
2025-10-02,SKU_05,48.43,0,0.0,0,0,686
2025-10-03,SKU_05,47.39,0,0.0,0,0,770
2025-10-04,SKU_05,50.39,0,0.0,1,0,838
2025-10-05,SKU_05,53.49,0,0.0,1,0,768
2025-10-06,SKU_05,55.37,0,0.0,0,0,661
2025-10-07,SKU_05,55.19,0,0.0,0,0,614
2025-10-08,SKU_05,53.49,0,0.0,0,0,624
2025-10-09,SKU_05,53.79,0,0.0,0,0,649
2025-10-10,SKU_05,53.42,0,0.0,0,0,736
2025-10-11,SKU_05,53.41,0,0.0,1,0,805
2025-10-12,SKU_05,51.86,0,0.0,1,0,760
2025-10-13,SKU_05,52.47,0,0.0,0,0,658
2025-10-14,SKU_05,48.19,0,0.0,0,0,649
2025-10-15,SKU_05,47.24,0,0.0,0,0,647
2025-10-16,SKU_05,44.98,0,0.0,0,0,687
2025-10-17,SKU_05,44.05,0,0.0,0,0,776
2025-10-18,SKU_05,46.07,0,0.0,1,0,845
2025-10-19,SKU_05,49.42,1,0.332,1,0,1789
2025-10-20,SKU_05,52.52,0,0.0,0,0,645
2025-10-21,SKU_05,55.08,0,0.0,0,0,598
2025-10-22,SKU_05,50.82,0,0.0,0,0,616
2025-10-23,SKU_05,52.64,0,0.0,0,0,639
2025-10-24,SKU_05,52.3,0,0.0,0,0,713
2025-10-25,SKU_05,56.29,0,0.0,1,0,776
2025-10-26,SKU_05,61.42,0,0.0,1,0,698
2025-10-27,SKU_05,63.35,1,0.299,0,0,1349
2025-10-28,SKU_05,56.23,0,0.0,0,0,596
2025-10-29,SKU_05,59.73,0,0.0,0,0,576
2025-10-30,SKU_05,59.34,0,0.0,0,0,609
2025-10-31,SKU_05,58.72,0,0.0,0,0,687
2025-11-01,SKU_05,56.27,0,0.0,1,0,766
2025-11-02,SKU_05,54.83,0,0.0,1,0,717
2025-11-03,SKU_05,52.63,0,0.0,0,0,634
2025-11-04,SKU_05,55.38,0,0.0,0,0,587
2025-11-05,SKU_05,58.18,0,0.0,0,0,577
2025-11-06,SKU_05,56.4,0,0.0,0,0,602
2025-11-07,SKU_05,57.29,0,0.0,0,0,674
2025-11-08,SKU_05,61.97,0,0.0,1,0,737
2025-11-09,SKU_05,59.62,0,0.0,1,0,683
2025-11-10,SKU_05,56.24,0,0.0,0,0,609
2025-11-11,SKU_05,58.28,0,0.0,0,0,571
2025-11-12,SKU_05,56.57,0,0.0,0,0,570
2025-11-13,SKU_05,56.05,0,0.0,0,0,603
2025-11-14,SKU_05,56.48,0,0.0,0,0,670
2025-11-15,SKU_05,53.34,0,0.0,1,0,766
2025-11-16,SKU_05,56.94,0,0.0,1,0,689
2025-11-17,SKU_05,56.39,0,0.0,0,0,607
2025-11-18,SKU_05,52.91,0,0.0,0,0,581
2025-11-19,SKU_05,53.14,0,0.0,0,0,572
2025-11-20,SKU_05,51.35,0,0.0,0,0,623
2025-11-21,SKU_05,47.65,0,0.0,0,0,709
2025-11-22,SKU_05,49.34,0,0.0,1,0,773
2025-11-23,SKU_05,49.49,0,0.0,1,0,722
2025-11-24,SKU_05,47.83,0,0.0,0,0,635
2025-11-25,SKU_05,50.31,0,0.0,0,0,581
2025-11-26,SKU_05,53.49,0,0.0,0,0,585
2025-11-27,SKU_05,58.0,0,0.0,0,0,589
2025-11-28,SKU_05,61.0,0,0.0,0,0,646
2025-11-29,SKU_05,59.69,0,0.0,1,0,723
2025-11-30,SKU_05,61.87,0,0.0,1,0,670
2025-12-01,SKU_05,67.99,0,0.0,0,0,558
2025-12-02,SKU_05,64.99,0,0.0,0,0,542
2025-12-03,SKU_05,71.56,0,0.0,0,0,522
2025-12-04,SKU_05,67.61,0,0.0,0,0,551
2025-12-05,SKU_05,67.45,0,0.0,0,0,625
2025-12-06,SKU_05,69.27,0,0.0,1,0,687
2025-12-07,SKU_05,71.2,0,0.0,1,0,1192
2025-12-08,SKU_05,69.54,0,0.0,0,0,556
2025-12-09,SKU_05,67.09,0,0.0,0,0,538
2025-12-10,SKU_05,67.17,0,0.0,0,0,528
2025-12-11,SKU_05,63.7,0,0.0,0,0,564
2025-12-12,SKU_05,64.69,0,0.0,0,0,639
2025-12-13,SKU_05,62.21,0,0.0,1,0,721
2025-12-14,SKU_05,57.41,0,0.0,1,0,684
2025-12-15,SKU_05,59.62,0,0.0,0,0,583
2025-12-16,SKU_05,60.48,0,0.0,0,0,550
2025-12-17,SKU_05,59.38,0,0.0,0,0,549
2025-12-18,SKU_05,62.0,0,0.0,0,0,582
2025-12-19,SKU_05,67.63,0,0.0,0,0,630
2025-12-20,SKU_05,64.64,0,0.0,1,0,706
2025-12-21,SKU_05,65.83,0,0.0,1,0,651
2025-12-22,SKU_05,61.67,0,0.0,0,0,582
2025-12-23,SKU_05,61.81,0,0.0,0,0,566
2025-12-24,SKU_05,62.42,0,0.0,0,0,555
2025-12-25,SKU_05,65.1,0,0.0,0,0,566
2025-12-26,SKU_05,68.75,0,0.0,0,0,628
2025-12-27,SKU_05,66.21,0,0.0,1,0,709
2025-12-28,SKU_05,65.5,0,0.0,1,0,668
2025-12-29,SKU_05,64.68,0,0.0,0,0,580
2025-12-30,SKU_05,62.32,0,0.0,0,0,559
2025-12-31,SKU_05,58.36,0,0.0,0,0,574
2026-01-01,SKU_05,58.19,0,0.0,0,1,1078
2026-01-02,SKU_05,57.68,0,0.0,0,0,683
2026-01-03,SKU_05,61.9,0,0.0,1,0,744
2026-01-04,SKU_05,56.57,0,0.0,1,0,709
2026-01-05,SKU_05,58.46,0,0.0,0,0,608
2026-01-06,SKU_05,55.75,0,0.0,0,0,588
2026-01-07,SKU_05,56.91,0,0.0,0,1,695
2026-01-08,SKU_05,61.99,0,0.0,0,0,605
2026-01-09,SKU_05,63.34,0,0.0,0,0,675
2026-01-10,SKU_05,62.22,0,0.0,1,0,748
2026-01-11,SKU_05,61.28,0,0.0,1,0,708
2026-01-12,SKU_05,58.86,0,0.0,0,0,617
2026-01-13,SKU_05,53.67,0,0.0,0,0,609
2026-01-14,SKU_05,56.65,0,0.0,0,0,592
2026-01-15,SKU_05,58.65,0,0.0,0,0,632
2026-01-16,SKU_05,59.75,0,0.0,0,0,693
2026-01-17,SKU_05,61.95,0,0.0,1,0,763
2026-01-18,SKU_05,62.9,0,0.0,1,0,707
2026-01-19,SKU_05,60.84,0,0.0,0,0,634
2026-01-20,SKU_05,58.84,0,0.0,0,0,603
2026-01-21,SKU_05,51.43,0,0.0,0,0,632
2026-01-22,SKU_05,54.09,0,0.0,0,0,653
2026-01-23,SKU_05,51.3,0,0.0,0,0,740
2026-01-24,SKU_05,48.28,0,0.0,1,0,853
2026-01-25,SKU_05,42.29,0,0.0,1,0,830
2026-01-26,SKU_05,44.34,0,0.0,0,0,711
2026-01-27,SKU_05,46.41,0,0.0,0,0,671
2026-01-28,SKU_05,42.79,0,0.0,0,0,687
2026-01-29,SKU_05,45.23,0,0.0,0,0,712
2026-01-30,SKU_05,43.57,0,0.0,0,0,816
2026-01-31,SKU_05,42.8,0,0.0,1,0,902
2026-02-01,SKU_05,47.0,0,0.0,1,0,821
2026-02-02,SKU_05,44.97,0,0.0,0,0,727
2026-02-03,SKU_05,46.75,0,0.0,0,0,694
2026-02-04,SKU_05,46.76,0,0.0,0,0,679
2026-02-05,SKU_05,47.34,0,0.0,0,0,719
2026-02-06,SKU_05,51.18,0,0.0,0,0,782
2026-02-07,SKU_05,57.54,0,0.0,1,0,851
2026-02-08,SKU_05,56.88,0,0.0,1,0,791
2026-02-09,SKU_05,60.92,0,0.0,0,0,676
2026-02-10,SKU_05,62.4,0,0.0,0,0,634
2026-02-11,SKU_05,61.08,0,0.0,0,0,639
2026-02-12,SKU_05,59.49,0,0.0,0,0,677
2026-02-13,SKU_05,59.76,0,0.0,0,0,764
2026-02-14,SKU_05,63.76,0,0.0,1,0,836
2026-02-15,SKU_05,60.54,0,0.0,1,0,796
2026-02-16,SKU_05,60.47,0,0.0,0,0,694
2026-02-17,SKU_05,61.92,0,0.0,0,0,649
2026-02-18,SKU_05,58.99,0,0.0,0,0,31
2026-02-19,SKU_05,57.0,0,0.0,0,0,715
2026-02-20,SKU_05,56.08,0,0.0,0,0,808
2026-02-21,SKU_05,55.76,0,0.0,1,0,892
2026-02-22,SKU_05,53.97,0,0.0,1,0,849
2026-02-23,SKU_05,52.27,0,0.0,0,1,895
2026-02-24,SKU_05,55.59,0,0.0,0,0,693
2026-02-25,SKU_05,55.18,0,0.0,0,0,706
2026-02-26,SKU_05,60.14,0,0.0,0,0,716
2026-02-27,SKU_05,60.69,0,0.0,0,0,816
2026-02-28,SKU_05,59.17,0,0.0,1,0,914
2026-03-01,SKU_05,59.7,0,0.0,1,0,847
2026-03-02,SKU_05,61.51,0,0.0,0,0,728
2026-03-03,SKU_05,64.26,0,0.0,0,0,689
2026-03-04,SKU_05,64.49,0,0.0,0,0,681
2026-03-05,SKU_05,61.48,0,0.0,0,0,739
2026-03-06,SKU_05,58.05,0,0.0,0,0,840
2026-03-07,SKU_05,56.73,0,0.0,1,0,954
2026-03-08,SKU_05,49.3,0,0.0,1,1,1114
2026-03-09,SKU_05,47.33,0,0.0,0,0,821
2026-03-10,SKU_05,49.46,0,0.0,0,0,776
2026-03-11,SKU_05,52.41,0,0.0,0,0,760
2026-03-12,SKU_05,56.47,0,0.0,0,0,778
2026-03-13,SKU_05,58.36,0,0.0,0,0,876
2026-03-14,SKU_05,57.48,0,0.0,1,0,977
2026-03-15,SKU_05,57.76,0,0.0,1,0,907
2026-03-16,SKU_05,58.91,0,0.0,0,0,791
2026-03-17,SKU_05,59.81,0,0.0,0,0,739
2026-03-18,SKU_05,60.16,0,0.0,0,0,738
2026-03-19,SKU_05,57.94,0,0.0,0,0,803
2026-03-20,SKU_05,62.07,0,0.0,0,0,877
2026-03-21,SKU_05,61.29,0,0.0,1,0,986
2026-03-22,SKU_05,62.07,0,0.0,1,0,913
2026-03-23,SKU_05,60.18,0,0.0,0,0,805
2026-03-24,SKU_05,59.25,0,0.0,0,0,768
2026-03-25,SKU_05,56.59,0,0.0,0,0,781
2026-03-26,SKU_05,53.81,0,0.0,0,0,841
2026-03-27,SKU_05,54.79,0,0.0,0,0,948
2026-03-28,SKU_05,55.53,0,0.0,1,0,1041
2026-03-29,SKU_05,51.11,0,0.0,1,0,1002
2026-03-30,SKU_05,51.24,0,0.0,0,0,873
2026-03-31,SKU_05,52.17,0,0.0,0,0,834
2026-04-01,SKU_05,49.0,0,0.0,0,0,855
2026-04-02,SKU_05,51.1,0,0.0,0,0,879
2026-04-03,SKU_05,50.58,1,0.12,0,0,1815
2026-04-04,SKU_05,52.28,0,0.0,1,0,1097
2026-04-05,SKU_05,48.91,0,0.0,1,0,1047
2026-04-06,SKU_05,50.24,0,0.0,0,0,915
2026-04-07,SKU_05,50.83,0,0.0,0,0,858
2026-04-08,SKU_05,50.91,0,0.0,0,0,861
2026-04-09,SKU_05,47.24,0,0.0,0,0,939
2026-04-10,SKU_05,49.05,0,0.0,0,0,1036
2026-04-11,SKU_05,50.5,0,0.0,1,0,1145
2026-04-12,SKU_05,50.32,0,0.0,1,0,1073
2026-04-13,SKU_05,45.56,0,0.0,0,0,969
2026-04-14,SKU_05,44.13,0,0.0,0,0,923
2026-04-15,SKU_05,43.8,0,0.0,0,0,929
2026-04-16,SKU_05,46.0,0,0.0,0,0,971
2026-04-17,SKU_05,47.37,0,0.0,0,0,1077
2026-04-18,SKU_05,40.89,0,0.0,1,0,1257
2026-04-19,SKU_05,41.74,0,0.0,1,0,1176
2026-04-20,SKU_05,41.26,0,0.0,0,0,1022
2026-04-21,SKU_05,41.24,0,0.0,0,0,975
2026-04-22,SKU_05,41.4,0,0.0,0,0,980
2026-04-23,SKU_05,40.46,0,0.0,0,0,1036
2026-04-24,SKU_05,40.9,0,0.0,0,0,1157
2026-04-25,SKU_05,40.26,0,0.0,1,0,1303
2026-04-26,SKU_05,42.68,0,0.0,1,0,1191
2026-04-27,SKU_05,42.77,0,0.0,0,0,1041
2026-04-28,SKU_05,40.82,0,0.0,0,0,1005
2026-04-29,SKU_05,42.51,0,0.0,0,0,989
2026-04-30,SKU_05,41.31,0,0.0,0,0,1056
2026-05-01,SKU_05,44.07,0,0.0,0,1,1387
2026-05-02,SKU_05,43.03,0,0.0,1,1,1563
2026-05-03,SKU_05,41.29,0,0.0,1,0,1232
2026-05-04,SKU_05,45.2,0,0.0,0,0,1045
2026-05-05,SKU_05,43.29,0,0.0,0,0,1001
2026-05-06,SKU_05,41.71,0,0.0,0,0,1019
2026-05-07,SKU_05,42.38,0,0.0,0,0,1063
2026-05-08,SKU_05,39.07,0,0.0,0,0,1231
2026-05-09,SKU_05,40.7,0,0.0,1,1,1635
2026-05-10,SKU_05,37.73,0,0.0,1,0,1299
2026-05-11,SKU_05,35.76,0,0.0,0,0,1160
2026-05-12,SKU_05,35.52,0,0.0,0,0,1098
2026-05-13,SKU_05,36.97,0,0.0,0,0,1076
2026-05-14,SKU_05,38.22,0,0.0,0,0,1132
2026-05-15,SKU_05,37.37,0,0.0,0,0,1275
2026-05-16,SKU_05,38.73,0,0.0,1,0,1405
2026-05-17,SKU_05,38.22,0,0.0,1,0,1314
