{
  "sku": "SKU_02",
  "mae": 39.50739288330078,
  "mse": 2678.56640625,
  "rmse": 51.75486843041918,
  "mape": 12.048400132975884
}