{
  "sku": "SKU_02",
  "mae": 81.97538757324219,
  "mse": 8008.08935546875,
  "rmse": 89.4879285460824,
  "mape": 26.34807003441596
}