{
  "sku": "SKU_02",
  "mae": 80.83893585205078,
  "mse": 7929.0673828125,
  "rmse": 89.04531084123688,
  "mape": 25.830389210876543
}