{
  "sku": "SKU_02",
  "mae": 68.76361846923828,
  "mse": 5612.65673828125,
  "rmse": 74.91766639639312,
  "mape": 24.672179875199962
}