{
  "sku": "SKU_01",
  "mae": 13.816287994384766,
  "mse": 216.6635284423828,
  "rmse": 14.719494843315202,
  "mape": 112.57111662010124
}