{
  "sku": "SKU_01",
  "mae": 14.781267166137695,
  "mse": 258.828857421875,
  "rmse": 16.088158919586636,
  "mape": 109.93055399797147
}