{
  "sku": "SKU_01",
  "mae": 9.926515579223633,
  "mse": 116.15262603759766,
  "rmse": 10.77741277105028,
  "mape": 83.45706498775229
}