{
  "sku": "SKU_03",
  "mae": 3742.76318359375,
  "mse": 20265914.0,
  "rmse": 4501.767874957571,
  "mape": 34.10210926221847
}