{
  "sku": "SKU_03",
  "mae": 3096.099365234375,
  "mse": 14999045.0,
  "rmse": 3872.8600542751346,
  "mape": 29.61114122554677
}