{
  "sku": "SKU_03",
  "mae": 2998.82080078125,
  "mse": 14495817.0,
  "rmse": 3807.3372585049515,
  "mape": 28.520700920090132
}