{
  "sku": "SKU_03",
  "mae": 2992.140869140625,
  "mse": 14462156.0,
  "rmse": 3802.914145757172,
  "mape": 28.371451082346784
}